{"gap_distance": 0.20263268053531647, "loss": 3.912022352218628, "cluster_sort_idcs": [23, 29, 28, 27, 26, 24, 22, 21, 20, 19, 18, 17, 30, 32, 31, 33, 80, 69, 70, 71, 72, 81, 73, 68, 75, 76, 77, 78, 79, 82, 74, 83, 99, 85, 86, 87, 88, 89, 90, 91, 92, 93, 94, 95, 96, 97, 84, 98, 0, 14, 1, 16, 13, 12, 11, 10, 9, 7, 6, 5, 4, 3, 2, 15, 67, 66, 64, 63, 62, 61, 60, 51, 58, 57, 65, 56, 55, 54, 53, 52, 25, 8, 59, 42, 47, 40, 35, 36, 37, 38, 39, 48, 41, 43, 44, 45, 46, 50, 34, 49], "cluster_sort_idcs_reverse": [48, 50, 62, 61, 60, 59, 58, 57, 81, 56, 55, 54, 53, 52, 49, 63, 51, 11, 10, 9, 8, 7, 6, 0, 5, 80, 4, 3, 2, 1, 12, 14, 13, 15, 98, 86, 87, 88, 89, 90, 85, 92, 83, 93, 94, 95, 96, 84, 91, 99, 97, 71, 79, 78, 77, 76, 75, 73, 72, 82, 70, 69, 68, 67, 66, 74, 65, 64, 23, 17, 18, 19, 20, 22, 30, 24, 25, 26, 27, 28, 16, 21, 29, 31, 46, 33, 34, 35, 36, 37, 38, 39, 40, 41, 42, 43, 44, 45, 47, 32], "cluster_sizes": [16, 16, 16, 16, 16, 4, 16], "cluster_labels": ["art | splash", "art | splash", "art | splash", "art | splash", "art | splash", "art | splash", "art | splash"]}