{"gap_distance": 0.14691880345344543, "loss": 3.912022352218628, "cluster_sort_idcs": [58, 55, 56, 57, 52, 60, 61, 62, 63, 64, 65, 67, 54, 51, 53, 66, 48, 34, 35, 36, 37, 38, 39, 40, 41, 47, 43, 44, 50, 49, 46, 45, 97, 96, 95, 94, 93, 92, 84, 89, 88, 87, 86, 85, 90, 91, 98, 99, 0, 15, 14, 13, 12, 11, 10, 16, 9, 6, 5, 4, 3, 2, 1, 7, 17, 33, 19, 22, 23, 24, 26, 18, 27, 29, 30, 31, 32, 20, 28, 21, 42, 8, 25, 59, 82, 81, 80, 79, 78, 77, 76, 75, 74, 72, 71, 70, 69, 68, 73, 83], "cluster_sort_idcs_reverse": [48, 62, 61, 60, 59, 58, 57, 63, 81, 56, 54, 53, 52, 51, 50, 49, 55, 64, 71, 66, 77, 79, 67, 68, 69, 82, 70, 72, 78, 73, 74, 75, 76, 65, 17, 18, 19, 20, 21, 22, 23, 24, 80, 26, 27, 31, 30, 25, 16, 29, 28, 13, 4, 14, 12, 1, 2, 3, 0, 83, 5, 6, 7, 8, 9, 10, 15, 11, 97, 96, 95, 94, 93, 98, 92, 91, 90, 89, 88, 87, 86, 85, 84, 99, 38, 43, 42, 41, 40, 39, 44, 45, 37, 36, 35, 34, 33, 32, 46, 47], "cluster_sizes": [15, 1, 16, 14, 2, 16, 16, 4, 15, 1], "cluster_labels": ["art | splash", "art | splash", "art | splash", "art | splash", "art | splash", "art | splash", "art | splash", "art | splash", "art | splash", "art | splash"]}