{"gap_distance": 1.211604118347168, "loss": 3.912022352218628, "cluster_sort_idcs": [87, 97, 96, 95, 94, 93, 92, 91, 90, 89, 88, 86, 85, 84, 98, 99, 27, 32, 31, 30, 29, 28, 33, 26, 19, 23, 22, 21, 20, 18, 17, 24, 48, 43, 50, 47, 46, 45, 44, 41, 49, 39, 34, 35, 36, 40, 38, 37, 1, 2, 3, 14, 5, 6, 7, 9, 10, 11, 12, 13, 4, 0, 16, 15, 62, 61, 57, 56, 55, 54, 53, 52, 51, 60, 67, 65, 64, 63, 58, 25, 8, 42, 59, 80, 82, 81, 79, 78, 77, 76, 75, 74, 73, 72, 71, 69, 68, 70, 83, 66], "cluster_sort_idcs_reverse": [61, 48, 49, 50, 60, 52, 53, 54, 80, 55, 56, 57, 58, 59, 51, 63, 62, 30, 29, 24, 28, 27, 26, 25, 31, 79, 23, 16, 21, 20, 19, 18, 17, 22, 42, 43, 44, 47, 46, 41, 45, 39, 81, 33, 38, 37, 36, 35, 32, 40, 34, 72, 71, 70, 69, 68, 67, 66, 78, 82, 73, 65, 64, 77, 76, 75, 99, 74, 96, 95, 97, 94, 93, 92, 91, 90, 89, 88, 87, 86, 83, 85, 84, 98, 13, 12, 11, 0, 10, 9, 8, 7, 6, 5, 4, 3, 2, 1, 14, 15], "cluster_sizes": [14, 2, 16, 16, 16, 15, 4, 15, 1, 1], "cluster_labels": ["art | splash", "art | splash", "art | splash", "art | splash", "art | splash", "art | splash", "art | splash", "art | splash", "art | splash", "art | splash"]}