{"gap_distance": 0.036625634878873825, "loss": 3.912022352218628, "cluster_sort_idcs": [63, 65, 51, 52, 53, 67, 54, 55, 56, 57, 58, 64, 60, 61, 62, 66, 68, 70, 71, 72, 73, 74, 75, 76, 77, 78, 79, 80, 81, 82, 69, 83, 33, 31, 17, 18, 19, 20, 21, 22, 23, 30, 24, 26, 27, 28, 32, 29, 34, 50, 48, 46, 45, 44, 43, 41, 40, 39, 38, 37, 36, 35, 47, 49, 0, 2, 1, 3, 4, 5, 6, 9, 10, 7, 12, 13, 11, 14, 15, 16, 42, 59, 8, 25, 92, 97, 96, 95, 94, 93, 91, 98, 89, 88, 87, 86, 85, 84, 90, 99], "cluster_sort_idcs_reverse": [64, 66, 65, 67, 68, 69, 70, 73, 82, 71, 72, 76, 74, 75, 77, 78, 79, 34, 35, 36, 37, 38, 39, 40, 42, 83, 43, 44, 45, 47, 41, 33, 46, 32, 48, 61, 60, 59, 58, 57, 56, 55, 80, 54, 53, 52, 51, 62, 50, 63, 49, 2, 3, 4, 6, 7, 8, 9, 10, 81, 12, 13, 14, 0, 11, 1, 15, 5, 16, 30, 17, 18, 19, 20, 21, 22, 23, 24, 25, 26, 27, 28, 29, 31, 97, 96, 95, 94, 93, 92, 98, 90, 84, 89, 88, 87, 86, 85, 91, 99], "cluster_sizes": [15, 1, 15, 1, 16, 16, 16, 4, 16], "cluster_labels": ["art | splash", "art | splash", "art | splash", "art | splash", "art | splash", "art | splash", "art | splash", "art | splash", "art | splash"]}