{"gap_distance": 1.0070726871490479, "loss": 3.912022352218628, "cluster_sort_idcs": [49, 36, 37, 38, 39, 40, 41, 43, 44, 45, 46, 47, 48, 35, 50, 34, 85, 98, 86, 87, 88, 89, 90, 91, 92, 93, 94, 95, 96, 97, 84, 99, 0, 1, 2, 3, 4, 5, 6, 15, 7, 16, 14, 9, 10, 11, 12, 13, 42, 8, 25, 59, 31, 32, 33, 30, 29, 28, 27, 26, 24, 23, 22, 21, 20, 19, 18, 17, 54, 53, 65, 67, 55, 56, 57, 58, 52, 60, 61, 62, 63, 64, 51, 66, 70, 71, 82, 81, 80, 79, 78, 77, 69, 75, 74, 73, 72, 68, 76, 83], "cluster_sort_idcs_reverse": [32, 33, 34, 35, 36, 37, 38, 40, 49, 43, 44, 45, 46, 47, 42, 39, 41, 67, 66, 65, 64, 63, 62, 61, 60, 50, 59, 58, 57, 56, 55, 52, 53, 54, 15, 13, 1, 2, 3, 4, 5, 6, 48, 7, 8, 9, 10, 11, 12, 0, 14, 82, 76, 69, 68, 72, 73, 74, 75, 51, 77, 78, 79, 80, 81, 70, 83, 71, 97, 92, 84, 85, 96, 95, 94, 93, 98, 91, 90, 89, 88, 87, 86, 99, 30, 16, 18, 19, 20, 21, 22, 23, 24, 25, 26, 27, 28, 29, 17, 31], "cluster_sizes": [16, 16, 16, 4, 16, 15, 1, 15, 1], "cluster_labels": ["art | splash", "art | splash", "art | splash", "art | splash", "art | splash", "art | splash", "art | splash", "art | splash", "art | splash"]}