{"gap_distance": 0.14838381111621857, "loss": 3.912022352218628, "cluster_sort_idcs": [61, 64, 60, 63, 51, 65, 52, 53, 54, 55, 56, 58, 62, 67, 57, 68, 82, 81, 80, 69, 78, 77, 76, 79, 74, 73, 72, 71, 70, 75, 41, 50, 48, 47, 46, 45, 44, 43, 40, 49, 38, 37, 36, 35, 34, 39, 17, 18, 19, 20, 21, 22, 23, 27, 26, 28, 29, 31, 32, 33, 24, 30, 0, 2, 1, 3, 5, 6, 7, 9, 10, 11, 4, 13, 14, 15, 16, 12, 8, 25, 59, 42, 93, 92, 91, 90, 89, 88, 84, 86, 85, 96, 94, 97, 87, 95, 98, 99, 66, 83], "cluster_sort_idcs_reverse": [62, 64, 63, 65, 72, 66, 67, 68, 78, 69, 70, 71, 77, 73, 74, 75, 76, 46, 47, 48, 49, 50, 51, 52, 60, 79, 54, 53, 55, 56, 61, 57, 58, 59, 44, 43, 42, 41, 40, 45, 38, 30, 81, 37, 36, 35, 34, 33, 32, 39, 31, 4, 6, 7, 8, 9, 10, 14, 11, 80, 2, 0, 12, 3, 1, 5, 98, 13, 15, 19, 28, 27, 26, 25, 24, 29, 22, 21, 20, 23, 18, 17, 16, 99, 88, 90, 89, 94, 87, 86, 85, 84, 83, 82, 92, 95, 91, 93, 96, 97], "cluster_sizes": [15, 15, 16, 16, 16, 4, 14, 2, 1, 1], "cluster_labels": ["feet | corgi oil canvas baroque style gilded frame feet wide feet tall rembrandt", "feet | corgi oil canvas baroque style gilded frame feet wide feet tall rembrandt", "feet | corgi oil canvas baroque style gilded frame feet wide feet tall rembrandt", "feet | corgi oil canvas baroque style gilded frame feet wide feet tall rembrandt", "feet | corgi oil canvas baroque style gilded frame feet wide feet tall rembrandt", "feet | corgi oil canvas baroque style gilded frame feet wide feet tall rembrandt", "feet | corgi oil canvas baroque style gilded frame feet wide feet tall rembrandt", "feet | corgi oil canvas baroque style gilded frame feet wide feet tall rembrandt", "feet | corgi oil canvas baroque style gilded frame feet wide feet tall rembrandt", "feet | corgi oil canvas baroque style gilded frame feet wide feet tall rembrandt"]}