{"gap_distance": 0.7965944409370422, "loss": 3.912022352218628, "cluster_sort_idcs": [0, 16, 15, 14, 13, 12, 10, 9, 11, 7, 6, 5, 4, 3, 2, 1, 27, 32, 31, 30, 29, 28, 33, 26, 19, 23, 22, 21, 20, 18, 17, 24, 48, 43, 50, 47, 46, 45, 44, 41, 49, 39, 40, 38, 37, 36, 35, 34, 67, 66, 65, 64, 63, 62, 61, 60, 58, 57, 56, 55, 54, 53, 52, 51, 79, 80, 81, 82, 78, 77, 83, 76, 75, 74, 70, 72, 71, 69, 68, 73, 59, 8, 25, 42, 97, 96, 95, 94, 93, 92, 91, 87, 89, 88, 86, 85, 84, 98, 90, 99], "cluster_sort_idcs_reverse": [0, 15, 14, 13, 12, 11, 10, 9, 81, 7, 6, 8, 5, 4, 3, 2, 1, 30, 29, 24, 28, 27, 26, 25, 31, 82, 23, 16, 21, 20, 19, 18, 17, 22, 47, 46, 45, 44, 43, 41, 42, 39, 83, 33, 38, 37, 36, 35, 32, 40, 34, 63, 62, 61, 60, 59, 58, 57, 56, 80, 55, 54, 53, 52, 51, 50, 49, 48, 78, 77, 74, 76, 75, 79, 73, 72, 71, 69, 68, 64, 65, 66, 67, 70, 96, 95, 94, 91, 93, 92, 98, 90, 89, 88, 87, 86, 85, 84, 97, 99], "cluster_sizes": [16, 16, 16, 16, 16, 4, 16], "cluster_labels": ["feet | corgi oil canvas baroque style gilded frame feet wide feet tall rembrandt", "feet | corgi oil canvas baroque style gilded frame feet wide feet tall rembrandt", "feet | corgi oil canvas baroque style gilded frame feet wide feet tall rembrandt", "feet | corgi oil canvas baroque style gilded frame feet wide feet tall rembrandt", "feet | corgi oil canvas baroque style gilded frame feet wide feet tall rembrandt", "feet | corgi oil canvas baroque style gilded frame feet wide feet tall rembrandt", "feet | corgi oil canvas baroque style gilded frame feet wide feet tall rembrandt"]}