{"gap_distance": 0.2382955104112625, "loss": 3.9120222330093384, "cluster_sort_idcs": [72, 73, 74, 75, 76, 77, 78, 79, 80, 81, 82, 70, 69, 68, 71, 16, 0, 12, 1, 2, 3, 14, 4, 5, 6, 7, 9, 10, 13, 15, 11, 61, 60, 65, 64, 51, 52, 53, 54, 56, 57, 58, 67, 55, 63, 62, 8, 59, 25, 42, 97, 96, 95, 94, 93, 92, 90, 89, 88, 87, 86, 85, 91, 84, 99, 98, 66, 83, 18, 19, 20, 21, 22, 31, 24, 26, 27, 28, 29, 30, 17, 23, 32, 33, 48, 47, 46, 45, 44, 43, 50, 41, 39, 38, 37, 36, 35, 34, 40, 49], "cluster_sort_idcs_reverse": [16, 18, 19, 20, 22, 23, 24, 25, 46, 26, 27, 30, 17, 28, 21, 29, 15, 80, 68, 69, 70, 71, 72, 81, 74, 48, 75, 76, 77, 78, 79, 73, 82, 83, 97, 96, 95, 94, 93, 92, 98, 91, 49, 89, 88, 87, 86, 85, 84, 99, 90, 35, 36, 37, 38, 43, 39, 40, 41, 47, 32, 31, 45, 44, 34, 33, 66, 42, 13, 12, 11, 14, 0, 1, 2, 3, 4, 5, 6, 7, 8, 9, 10, 67, 63, 61, 60, 59, 58, 57, 56, 62, 55, 54, 53, 52, 51, 50, 65, 64], "cluster_sizes": [15, 16, 15, 4, 14, 2, 1, 1, 16, 16], "cluster_labels": ["feet | corgi oil canvas baroque style gilded frame feet wide feet tall rembrandt", "feet | corgi oil canvas baroque style gilded frame feet wide feet tall rembrandt", "feet | corgi oil canvas baroque style gilded frame feet wide feet tall rembrandt", "feet | corgi oil canvas baroque style gilded frame feet wide feet tall rembrandt", "feet | corgi oil canvas baroque style gilded frame feet wide feet tall rembrandt", "feet | corgi oil canvas baroque style gilded frame feet wide feet tall rembrandt", "feet | corgi oil canvas baroque style gilded frame feet wide feet tall rembrandt", "feet | corgi oil canvas baroque style gilded frame feet wide feet tall rembrandt", "feet | corgi oil canvas baroque style gilded frame feet wide feet tall rembrandt", "feet | corgi oil canvas baroque style gilded frame feet wide feet tall rembrandt"]}