{"gap_distance": 1.021826148033142, "loss": 3.912022352218628, "cluster_sort_idcs": [66, 83, 16, 15, 14, 13, 11, 10, 9, 0, 6, 5, 4, 3, 2, 1, 7, 12, 26, 33, 32, 31, 30, 29, 28, 27, 20, 23, 22, 21, 19, 18, 17, 24, 44, 50, 48, 47, 46, 45, 43, 49, 40, 39, 38, 37, 36, 35, 41, 34, 58, 62, 61, 60, 65, 67, 57, 53, 55, 54, 63, 52, 51, 56, 64, 99, 98, 81, 76, 80, 79, 78, 77, 82, 75, 70, 73, 72, 71, 69, 68, 74, 8, 42, 25, 59, 84, 85, 86, 88, 89, 90, 91, 92, 93, 94, 95, 96, 97, 87], "cluster_sort_idcs_reverse": [9, 15, 14, 13, 12, 11, 10, 16, 82, 8, 7, 6, 17, 5, 4, 3, 2, 32, 31, 30, 26, 29, 28, 27, 33, 84, 18, 25, 24, 23, 22, 21, 20, 19, 49, 47, 46, 45, 44, 43, 42, 48, 83, 40, 34, 39, 38, 37, 36, 41, 35, 62, 61, 57, 59, 58, 63, 56, 50, 85, 53, 52, 51, 60, 64, 54, 0, 55, 80, 79, 75, 78, 77, 76, 81, 74, 68, 72, 71, 70, 69, 67, 73, 1, 86, 87, 88, 99, 89, 90, 91, 92, 93, 94, 95, 96, 97, 98, 66, 65], "cluster_sizes": [1, 1, 16, 16, 16, 15, 2, 15, 4, 14], "cluster_labels": ["feet | corgi oil canvas baroque style gilded frame feet wide feet tall rembrandt", "feet | corgi oil canvas baroque style gilded frame feet wide feet tall rembrandt", "feet | corgi oil canvas baroque style gilded frame feet wide feet tall rembrandt", "feet | corgi oil canvas baroque style gilded frame feet wide feet tall rembrandt", "feet | corgi oil canvas baroque style gilded frame feet wide feet tall rembrandt", "feet | corgi oil canvas baroque style gilded frame feet wide feet tall rembrandt", "feet | corgi oil canvas baroque style gilded frame feet wide feet tall rembrandt", "feet | corgi oil canvas baroque style gilded frame feet wide feet tall rembrandt", "feet | corgi oil canvas baroque style gilded frame feet wide feet tall rembrandt", "feet | corgi oil canvas baroque style gilded frame feet wide feet tall rembrandt"]}