{"gap_distance": 0.9486289024353027, "loss": 3.912022352218628, "cluster_sort_idcs": [0, 16, 15, 14, 13, 12, 10, 9, 11, 7, 6, 5, 4, 3, 2, 1, 27, 32, 31, 30, 29, 28, 33, 26, 19, 23, 22, 21, 20, 18, 17, 24, 48, 43, 50, 47, 46, 45, 44, 41, 49, 39, 34, 35, 36, 40, 38, 37, 42, 25, 8, 59, 85, 86, 87, 88, 89, 92, 91, 93, 84, 95, 96, 97, 90, 94, 99, 98, 67, 63, 62, 61, 60, 58, 57, 56, 55, 54, 53, 52, 65, 51, 64, 66, 70, 81, 80, 79, 78, 77, 76, 75, 74, 73, 72, 71, 69, 68, 82, 83], "cluster_sort_idcs_reverse": [0, 15, 14, 13, 12, 11, 10, 9, 50, 7, 6, 8, 5, 4, 3, 2, 1, 30, 29, 24, 28, 27, 26, 25, 31, 49, 23, 16, 21, 20, 19, 18, 17, 22, 42, 43, 44, 47, 46, 41, 45, 39, 48, 33, 38, 37, 36, 35, 32, 40, 34, 81, 79, 78, 77, 76, 75, 74, 73, 51, 72, 71, 70, 69, 82, 80, 83, 68, 97, 96, 84, 95, 94, 93, 92, 91, 90, 89, 88, 87, 86, 85, 98, 99, 60, 52, 53, 54, 55, 56, 64, 58, 57, 59, 65, 61, 62, 63, 67, 66], "cluster_sizes": [16, 16, 16, 4, 16, 15, 1, 15, 1], "cluster_labels": ["feet | corgi oil canvas baroque style gilded frame feet wide feet tall rembrandt", "feet | corgi oil canvas baroque style gilded frame feet wide feet tall rembrandt", "feet | corgi oil canvas baroque style gilded frame feet wide feet tall rembrandt", "feet | corgi oil canvas baroque style gilded frame feet wide feet tall rembrandt", "feet | corgi oil canvas baroque style gilded frame feet wide feet tall rembrandt", "feet | corgi oil canvas baroque style gilded frame feet wide feet tall rembrandt", "feet | corgi oil canvas baroque style gilded frame feet wide feet tall rembrandt", "feet | corgi oil canvas baroque style gilded frame feet wide feet tall rembrandt", "feet | corgi oil canvas baroque style gilded frame feet wide feet tall rembrandt"]}