{"gap_distance": 1.0952619314193726, "loss": 3.912022352218628, "cluster_sort_idcs": [0, 16, 15, 14, 13, 12, 10, 9, 11, 7, 6, 5, 4, 3, 2, 1, 26, 31, 30, 29, 28, 27, 33, 24, 32, 22, 21, 20, 19, 18, 17, 23, 68, 80, 79, 78, 77, 76, 75, 82, 73, 81, 72, 71, 70, 69, 74, 59, 25, 85, 86, 87, 89, 42, 90, 91, 92, 93, 94, 95, 96, 97, 8, 84, 88, 99, 98, 34, 35, 36, 37, 38, 39, 40, 41, 43, 44, 45, 46, 47, 48, 49, 50, 65, 67, 64, 63, 62, 61, 60, 58, 57, 55, 54, 53, 52, 51, 56, 66, 83], "cluster_sort_idcs_reverse": [0, 15, 14, 13, 12, 11, 10, 9, 62, 7, 6, 8, 5, 4, 3, 2, 1, 30, 29, 28, 27, 26, 25, 31, 23, 48, 16, 21, 20, 19, 18, 17, 24, 22, 67, 68, 69, 70, 71, 72, 73, 74, 53, 75, 76, 77, 78, 79, 80, 81, 82, 96, 95, 94, 93, 92, 97, 91, 90, 47, 89, 88, 87, 86, 85, 83, 98, 84, 32, 45, 44, 43, 42, 40, 46, 38, 37, 36, 35, 34, 33, 41, 39, 99, 63, 49, 50, 51, 64, 52, 54, 55, 56, 57, 58, 59, 60, 61, 66, 65], "cluster_sizes": [16, 16, 15, 18, 2, 16, 15, 1, 1], "cluster_labels": ["art | splash", "art | splash", "art | splash", "art | splash", "art | splash", "art | splash", "art | splash", "art | splash", "art | splash"]}