{"gap_distance": 0.2224363088607788, "loss": 3.912022352218628, "cluster_sort_idcs": [49, 35, 36, 37, 38, 39, 40, 41, 34, 44, 45, 46, 47, 48, 50, 43, 29, 28, 27, 26, 32, 24, 23, 20, 21, 19, 18, 17, 33, 30, 22, 31, 0, 16, 1, 2, 3, 4, 5, 7, 6, 10, 11, 12, 13, 14, 15, 9, 67, 65, 58, 64, 63, 62, 61, 60, 57, 66, 55, 54, 53, 52, 51, 56, 82, 81, 80, 79, 77, 76, 75, 74, 73, 78, 71, 70, 69, 68, 72, 8, 25, 42, 59, 97, 96, 95, 94, 93, 92, 91, 86, 89, 88, 87, 85, 84, 90, 98, 99, 83], "cluster_sort_idcs_reverse": [32, 34, 35, 36, 37, 38, 40, 39, 79, 47, 41, 42, 43, 44, 45, 46, 33, 27, 26, 25, 23, 24, 30, 22, 21, 80, 19, 18, 17, 16, 29, 31, 20, 28, 8, 1, 2, 3, 4, 5, 6, 7, 81, 15, 9, 10, 11, 12, 13, 0, 14, 62, 61, 60, 59, 58, 63, 56, 50, 82, 55, 54, 53, 52, 51, 49, 57, 48, 77, 76, 75, 74, 78, 72, 71, 70, 69, 68, 73, 67, 66, 65, 64, 99, 95, 94, 90, 93, 92, 91, 96, 89, 88, 87, 86, 85, 84, 83, 97, 98], "cluster_sizes": [16, 16, 16, 16, 15, 4, 14, 2, 1], "cluster_labels": ["ink drawing hokusai guinea pig", "ink drawing hokusai guinea pig", "ink drawing hokusai guinea pig", "ink drawing hokusai guinea pig", "ink drawing hokusai guinea pig", "ink drawing hokusai guinea pig", "ink drawing hokusai guinea pig", "ink drawing hokusai guinea pig", "ink drawing hokusai guinea pig"]}