{"original_distance": 0.873025770672773, "original_loss": 0.7634332456514408, "closed_distance": 0.0012176924210393913, "closed_loss": 0.8488674383040065, "loss_difference": 0.08543419265256569, "distances": [1.9122647197762077, 1.904849754406136, 1.8964804895965934, 1.8869912572331822, 1.8761802232807006, 1.8637999451199798, 1.8495451085055896, 1.833036529646532, 1.8138002141408074, 1.7912399013786193, 1.764601110207985, 1.732924316492275, 1.694984744252635, 1.6492168270089373, 1.593623739703967, 1.5256785854621606, 1.4422375630510809, 1.3395123688866764, 1.2131947149065796, 1.058886303378164, 0.873025770672773, 0.6544158453885577, 0.40608606872554287, 0.13658720411339395, -0.14059324018328842, -0.40990945955519353, -0.657911363460659, -0.8761077477084741, -1.0615288238757403, -1.2154167647839302, -1.3413586274946205, -1.4437624762341363, -1.5269362126550114, -1.5946626323733069, -1.6500782193024093, -1.6957025451493233, -1.7335259074330915, -1.7651083927789843, -1.7916703259720153, -1.8141676810637901], "losses": [2.8111069352702844, 2.729640777543054, 2.640078899647382, 2.5416558630320556, 2.4336471436211173, 2.315454754402194, 2.1867429552225843, 2.047641208044347, 1.8990251612726499, 1.7428612656764486, 1.5825433252626526, 1.423060447538549, 1.2707629847177708, 1.132544269296255, 1.0145163078275183, 0.9206203086549585, 0.8517687279787413, 0.8058797985443281, 0.7787690422894848, 0.7657015155938517, 0.7634332456514409, 0.7719973082366252, 0.7938818734294338, 0.8289665142265352, 0.8688162270461746, 0.8981204397909087, 0.9052497464633958, 0.8909959810749619, 0.8669079274395644, 0.8476569165500635, 0.8453311887877426, 0.8678328009945685, 0.9193868251055594, 1.0011442656891807, 1.1113053373648405, 1.2452260098977188, 1.3960988358194675, 1.5562516911824795, 1.7185503800663933, 1.877344735673541]}