{"gap_distance": 1.1845043897628784, "loss": 3.912022352218628, "cluster_sort_idcs": [16, 49, 33, 83, 15, 14, 13, 12, 11, 10, 0, 2, 7, 6, 5, 4, 3, 1, 9, 65, 51, 64, 63, 62, 61, 55, 58, 67, 56, 54, 53, 52, 60, 57, 85, 86, 87, 88, 89, 90, 91, 92, 93, 94, 95, 96, 97, 84, 98, 99, 74, 77, 76, 75, 80, 73, 72, 71, 70, 69, 68, 81, 82, 78, 79, 31, 28, 27, 26, 25, 24, 23, 22, 21, 20, 19, 18, 17, 29, 30, 50, 32, 47, 46, 45, 44, 43, 42, 41, 48, 40, 39, 38, 37, 36, 35, 34, 59, 8, 66], "cluster_sort_idcs_reverse": [10, 17, 11, 16, 15, 14, 13, 12, 98, 18, 9, 8, 7, 6, 5, 4, 0, 77, 76, 75, 74, 73, 72, 71, 70, 69, 68, 67, 66, 78, 79, 65, 81, 2, 96, 95, 94, 93, 92, 91, 90, 88, 87, 86, 85, 84, 83, 82, 89, 1, 80, 20, 31, 30, 29, 25, 28, 33, 26, 97, 32, 24, 23, 22, 21, 19, 99, 27, 60, 59, 58, 57, 56, 55, 50, 53, 52, 51, 63, 64, 54, 61, 62, 3, 47, 34, 35, 36, 37, 38, 39, 40, 41, 42, 43, 44, 45, 46, 48, 49], "cluster_sizes": [1, 1, 1, 1, 15, 15, 16, 15, 34, 1], "cluster_labels": ["portrait | artstation", "portrait | artstation", "portrait | artstation", "portrait | artstation", "portrait | artstation", "portrait | artstation", "portrait | artstation", "portrait | artstation", "portrait | artstation", "portrait | artstation"]}