{"gap_distance": 0.8375667929649353, "loss": 3.912022352218628, "cluster_sort_idcs": [0, 16, 14, 13, 12, 11, 10, 9, 15, 7, 6, 5, 4, 3, 2, 1, 81, 80, 79, 78, 77, 76, 68, 73, 74, 69, 72, 71, 70, 83, 75, 82, 90, 85, 86, 87, 88, 89, 91, 92, 93, 94, 95, 96, 97, 84, 98, 99, 57, 64, 63, 62, 61, 60, 67, 58, 65, 66, 55, 54, 53, 52, 51, 56, 37, 38, 48, 36, 35, 34, 39, 47, 40, 49, 43, 44, 45, 50, 46, 41, 8, 25, 42, 59, 30, 17, 18, 19, 20, 21, 31, 22, 24, 33, 26, 32, 28, 29, 23, 27], "cluster_sort_idcs_reverse": [0, 15, 14, 13, 12, 11, 10, 9, 80, 7, 6, 5, 4, 3, 2, 8, 1, 85, 86, 87, 88, 89, 91, 98, 92, 81, 94, 99, 96, 97, 84, 90, 95, 93, 69, 68, 67, 64, 65, 70, 72, 79, 82, 74, 75, 76, 78, 71, 66, 73, 77, 62, 61, 60, 59, 58, 63, 48, 55, 83, 53, 52, 51, 50, 49, 56, 57, 54, 22, 25, 28, 27, 26, 23, 24, 30, 21, 20, 19, 18, 17, 16, 31, 29, 45, 33, 34, 35, 36, 37, 32, 38, 39, 40, 41, 42, 43, 44, 46, 47], "cluster_sizes": [16, 16, 16, 16, 16, 4, 16], "cluster_labels": ["portrait | artstation", "portrait | artstation", "portrait | artstation", "portrait | artstation", "portrait | artstation", "portrait | artstation", "portrait | artstation"]}