{"gap_distance": 0.16389872133731842, "loss": 3.912022352218628, "cluster_sort_idcs": [75, 81, 80, 79, 78, 77, 76, 83, 82, 73, 72, 71, 70, 69, 68, 74, 99, 98, 97, 96, 95, 94, 93, 92, 84, 91, 90, 89, 88, 87, 86, 85, 18, 33, 32, 31, 30, 29, 28, 27, 26, 23, 22, 21, 20, 19, 17, 24, 50, 49, 47, 34, 35, 36, 37, 38, 39, 48, 41, 43, 44, 45, 46, 40, 64, 63, 51, 52, 53, 54, 55, 57, 58, 56, 60, 61, 62, 67, 66, 65, 1, 7, 3, 4, 5, 6, 2, 9, 0, 11, 12, 13, 14, 15, 16, 10, 8, 42, 59, 25], "cluster_sort_idcs_reverse": [88, 80, 86, 82, 83, 84, 85, 81, 96, 87, 95, 89, 90, 91, 92, 93, 94, 46, 32, 45, 44, 43, 42, 41, 47, 99, 40, 39, 38, 37, 36, 35, 34, 33, 51, 52, 53, 54, 55, 56, 63, 58, 97, 59, 60, 61, 62, 50, 57, 49, 48, 66, 67, 68, 69, 70, 73, 71, 72, 98, 74, 75, 76, 65, 64, 79, 78, 77, 14, 13, 12, 11, 10, 9, 15, 0, 6, 5, 4, 3, 2, 1, 8, 7, 24, 31, 30, 29, 28, 27, 26, 25, 23, 22, 21, 20, 19, 18, 17, 16], "cluster_sizes": [16, 16, 16, 16, 16, 16, 4], "cluster_labels": ["portrait | artstation", "portrait | artstation", "portrait | artstation", "portrait | artstation", "portrait | artstation", "portrait | artstation", "portrait | artstation"]}