{"gap_distance": 1.089475393295288, "loss": 3.912022352218628, "cluster_sort_idcs": [16, 66, 39, 35, 36, 37, 38, 40, 41, 34, 44, 45, 46, 47, 48, 50, 43, 29, 28, 27, 26, 32, 24, 20, 22, 21, 19, 18, 17, 30, 23, 31, 0, 2, 3, 4, 5, 6, 9, 10, 7, 11, 12, 13, 14, 15, 1, 65, 64, 57, 63, 62, 61, 60, 58, 56, 55, 54, 53, 52, 51, 67, 88, 86, 85, 84, 82, 87, 89, 95, 91, 92, 96, 93, 97, 94, 81, 90, 80, 99, 78, 8, 25, 42, 98, 59, 68, 69, 79, 70, 72, 73, 74, 75, 76, 77, 71, 83, 33, 49], "cluster_sort_idcs_reverse": [32, 46, 33, 34, 35, 36, 37, 40, 81, 38, 39, 41, 42, 43, 44, 45, 0, 28, 27, 26, 23, 25, 24, 30, 22, 82, 20, 19, 18, 17, 29, 31, 21, 98, 9, 3, 4, 5, 6, 2, 7, 8, 83, 16, 10, 11, 12, 13, 14, 99, 15, 60, 59, 58, 57, 56, 55, 49, 54, 85, 53, 52, 51, 50, 48, 47, 1, 61, 86, 87, 89, 96, 90, 91, 92, 93, 94, 95, 80, 88, 78, 76, 66, 97, 65, 64, 63, 67, 62, 68, 77, 70, 71, 73, 75, 69, 72, 74, 84, 79], "cluster_sizes": [1, 1, 15, 15, 15, 15, 35, 1, 1, 1], "cluster_labels": ["portrait | artstation", "portrait | artstation", "portrait | artstation", "portrait | artstation", "portrait | artstation", "portrait | artstation", "portrait | artstation", "portrait | artstation", "portrait | artstation", "portrait | artstation"]}