{"gap_distance": 0.9880773425102234, "loss": 3.912022352218628, "cluster_sort_idcs": [67, 65, 64, 63, 61, 60, 58, 62, 56, 55, 54, 53, 52, 57, 51, 66, 74, 69, 70, 71, 72, 73, 75, 77, 78, 79, 80, 81, 82, 68, 76, 83, 99, 85, 86, 87, 88, 89, 90, 91, 92, 93, 94, 95, 96, 97, 84, 98, 0, 1, 2, 3, 4, 5, 6, 7, 9, 10, 11, 12, 13, 14, 15, 47, 48, 49, 34, 37, 38, 39, 40, 36, 41, 35, 43, 44, 45, 46, 50, 8, 59, 42, 32, 24, 17, 18, 19, 20, 21, 22, 23, 25, 26, 27, 28, 29, 30, 31, 33, 16], "cluster_sort_idcs_reverse": [48, 49, 50, 51, 52, 53, 54, 55, 79, 56, 57, 58, 59, 60, 61, 62, 99, 84, 85, 86, 87, 88, 89, 90, 83, 91, 92, 93, 94, 95, 96, 97, 82, 98, 66, 73, 71, 67, 68, 69, 70, 72, 81, 74, 75, 76, 77, 63, 64, 65, 78, 14, 12, 11, 10, 9, 8, 13, 6, 80, 5, 4, 7, 3, 2, 1, 15, 0, 29, 17, 18, 19, 20, 21, 16, 22, 30, 23, 24, 25, 26, 27, 28, 31, 46, 33, 34, 35, 36, 37, 38, 39, 40, 41, 42, 43, 44, 45, 47, 32], "cluster_sizes": [15, 1, 15, 1, 16, 15, 16, 19, 1, 1], "cluster_labels": ["portrait | artstation", "portrait | artstation", "portrait | artstation", "portrait | artstation", "portrait | artstation", "portrait | artstation", "portrait | artstation", "portrait | artstation", "portrait | artstation", "portrait | artstation"]}