{"gap_distance": 0.024636026471853256, "loss": 3.9120222330093384, "cluster_sort_idcs": [99, 97, 96, 95, 94, 93, 92, 91, 90, 89, 88, 87, 86, 85, 84, 98, 0, 11, 1, 2, 3, 4, 5, 6, 7, 15, 9, 10, 14, 12, 13, 16, 50, 48, 47, 46, 45, 44, 43, 41, 49, 39, 38, 37, 35, 34, 40, 36, 64, 59, 65, 67, 8, 63, 62, 61, 60, 58, 56, 55, 54, 53, 52, 51, 42, 57, 25, 30, 29, 28, 27, 26, 21, 23, 22, 20, 19, 18, 24, 31, 17, 32, 33, 81, 68, 69, 70, 71, 80, 72, 74, 75, 76, 77, 79, 82, 73, 78, 83, 66], "cluster_sort_idcs_reverse": [16, 18, 19, 20, 21, 22, 23, 24, 52, 26, 27, 17, 29, 30, 28, 25, 31, 80, 77, 76, 75, 72, 74, 73, 78, 66, 71, 70, 69, 68, 67, 79, 81, 82, 45, 44, 47, 43, 42, 41, 46, 39, 64, 38, 37, 36, 35, 34, 33, 40, 32, 63, 62, 61, 60, 59, 58, 65, 57, 49, 56, 55, 54, 53, 48, 50, 99, 51, 84, 85, 86, 87, 89, 96, 90, 91, 92, 93, 97, 94, 88, 83, 95, 98, 14, 13, 12, 11, 10, 9, 8, 7, 6, 5, 4, 3, 2, 1, 15, 0], "cluster_sizes": [16, 15, 1, 16, 19, 15, 1, 15, 1, 1], "cluster_labels": ["portrait | artstation", "portrait | artstation", "portrait | artstation", "portrait | artstation", "portrait | artstation", "portrait | artstation", "portrait | artstation", "portrait | artstation", "portrait | artstation", "portrait | artstation"]}