{"gap_distance": 0.05243096873164177, "loss": 3.912022352218628, "cluster_sort_idcs": [24, 32, 31, 30, 29, 28, 27, 26, 23, 22, 21, 20, 18, 17, 19, 33, 53, 67, 65, 64, 54, 62, 51, 63, 60, 58, 57, 56, 55, 52, 61, 66, 83, 46, 41, 45, 44, 43, 50, 40, 49, 38, 37, 36, 35, 34, 47, 39, 48, 0, 4, 2, 3, 1, 5, 6, 7, 10, 9, 12, 13, 14, 15, 11, 16, 85, 98, 86, 84, 87, 88, 89, 99, 91, 92, 93, 94, 95, 96, 97, 90, 82, 42, 80, 25, 59, 8, 68, 69, 70, 81, 71, 73, 75, 76, 77, 78, 79, 72, 74], "cluster_sort_idcs_reverse": [49, 53, 51, 52, 50, 54, 55, 56, 86, 58, 57, 63, 59, 60, 61, 62, 64, 13, 12, 14, 11, 10, 9, 8, 0, 84, 7, 6, 5, 4, 3, 2, 1, 15, 45, 44, 43, 42, 41, 47, 39, 34, 82, 37, 36, 35, 33, 46, 48, 40, 38, 22, 29, 16, 20, 28, 27, 26, 25, 85, 24, 30, 21, 23, 19, 18, 31, 17, 87, 88, 89, 91, 98, 92, 99, 93, 94, 95, 96, 97, 83, 90, 81, 32, 68, 65, 67, 69, 70, 71, 80, 73, 74, 75, 76, 77, 78, 79, 66, 72], "cluster_sizes": [15, 1, 15, 1, 1, 16, 15, 1, 16, 19], "cluster_labels": ["portrait | artstation", "portrait | artstation", "portrait | artstation", "portrait | artstation", "portrait | artstation", "portrait | artstation", "portrait | artstation", "portrait | artstation", "portrait | artstation", "portrait | artstation"]}