{"gap_distance": 0.08225288543741095, "loss": 3.9120230051393583, "cluster_sort_idcs": [99, 98, 42, 59, 8, 25, 92, 69, 68, 67, 66, 65, 64, 63, 62, 61, 60, 96, 58, 97, 57, 56, 55, 54, 53, 52, 70, 93, 71, 73, 91, 94, 90, 89, 88, 87, 86, 85, 84, 82, 81, 80, 79, 78, 77, 76, 75, 74, 95, 72, 51, 0, 48, 21, 20, 19, 18, 17, 16, 15, 14, 13, 22, 12, 10, 9, 7, 6, 5, 4, 3, 2, 1, 11, 50, 23, 26, 47, 46, 45, 44, 43, 41, 40, 39, 38, 37, 36, 35, 34, 33, 32, 31, 30, 29, 28, 27, 24, 49, 83], "cluster_sort_idcs_reverse": [51, 72, 71, 70, 69, 68, 67, 66, 4, 65, 64, 73, 63, 61, 60, 59, 58, 57, 56, 55, 54, 53, 62, 75, 97, 5, 76, 96, 95, 94, 93, 92, 91, 90, 89, 88, 87, 86, 85, 84, 83, 82, 2, 81, 80, 79, 78, 77, 52, 98, 74, 50, 25, 24, 23, 22, 21, 20, 18, 3, 16, 15, 14, 13, 12, 11, 10, 9, 8, 7, 26, 28, 49, 29, 47, 46, 45, 44, 43, 42, 41, 40, 39, 99, 38, 37, 36, 35, 34, 33, 32, 30, 6, 27, 31, 48, 17, 19, 1, 0], "cluster_sizes": [2, 4, 93, 1], "cluster_labels": ["portrait beautiful winged goddess wearing ornate black robe gold jewels tom bagshaw", "portrait beautiful winged goddess wearing ornate black robe gold jewels tom bagshaw", "portrait beautiful winged goddess wearing ornate black robe gold jewels tom bagshaw", "portrait beautiful winged goddess wearing ornate black robe gold jewels tom bagshaw"]}