{"gap_distance": 1.0912487506866455, "loss": 3.912022352218628, "cluster_sort_idcs": [71, 70, 72, 81, 80, 68, 79, 82, 77, 76, 75, 74, 73, 78, 69, 26, 27, 32, 29, 31, 33, 28, 24, 30, 22, 23, 17, 21, 19, 20, 18, 67, 65, 64, 63, 52, 53, 54, 55, 56, 57, 58, 62, 51, 61, 60, 16, 1, 2, 3, 4, 5, 6, 7, 10, 11, 12, 13, 14, 15, 9, 0, 49, 50, 34, 48, 35, 47, 46, 45, 44, 43, 36, 41, 40, 39, 38, 37, 99, 98, 25, 59, 8, 42, 97, 96, 95, 94, 93, 92, 91, 89, 88, 87, 86, 85, 84, 90, 66, 83], "cluster_sort_idcs_reverse": [61, 47, 48, 49, 50, 51, 52, 53, 82, 60, 54, 55, 56, 57, 58, 59, 46, 26, 30, 28, 29, 27, 24, 25, 22, 80, 15, 16, 21, 18, 23, 19, 17, 20, 64, 66, 72, 77, 76, 75, 74, 73, 83, 71, 70, 69, 68, 67, 65, 62, 63, 43, 35, 36, 37, 38, 39, 40, 41, 81, 45, 44, 42, 34, 33, 32, 98, 31, 5, 14, 1, 0, 2, 12, 11, 10, 9, 8, 13, 6, 4, 3, 7, 99, 96, 95, 94, 93, 92, 91, 97, 90, 89, 88, 87, 86, 85, 84, 79, 78], "cluster_sizes": [15, 16, 15, 16, 16, 2, 4, 14, 1, 1], "cluster_labels": ["feet | corgi oil canvas baroque style gilded frame feet wide feet tall rembrandt", "feet | corgi oil canvas baroque style gilded frame feet wide feet tall rembrandt", "feet | corgi oil canvas baroque style gilded frame feet wide feet tall rembrandt", "feet | corgi oil canvas baroque style gilded frame feet wide feet tall rembrandt", "feet | corgi oil canvas baroque style gilded frame feet wide feet tall rembrandt", "feet | corgi oil canvas baroque style gilded frame feet wide feet tall rembrandt", "feet | corgi oil canvas baroque style gilded frame feet wide feet tall rembrandt", "feet | corgi oil canvas baroque style gilded frame feet wide feet tall rembrandt", "feet | corgi oil canvas baroque style gilded frame feet wide feet tall rembrandt", "feet | corgi oil canvas baroque style gilded frame feet wide feet tall rembrandt"]}