{"gap_distance": 0.2571973204612732, "loss": 3.912022352218628, "cluster_sort_idcs": [31, 27, 26, 30, 24, 23, 22, 21, 20, 19, 18, 17, 32, 28, 33, 29, 65, 62, 51, 52, 53, 54, 55, 56, 57, 58, 64, 60, 61, 66, 63, 67, 47, 50, 48, 46, 45, 44, 43, 41, 49, 39, 38, 37, 36, 35, 34, 40, 83, 82, 81, 80, 79, 78, 77, 74, 75, 73, 69, 72, 70, 71, 76, 68, 0, 2, 1, 3, 4, 5, 6, 9, 10, 7, 12, 13, 11, 14, 15, 16, 42, 59, 8, 25, 92, 97, 96, 95, 94, 93, 91, 98, 89, 88, 87, 86, 85, 84, 90, 99], "cluster_sort_idcs_reverse": [64, 66, 65, 67, 68, 69, 70, 73, 82, 71, 72, 76, 74, 75, 77, 78, 79, 11, 10, 9, 8, 7, 6, 5, 4, 83, 2, 1, 13, 15, 3, 0, 12, 14, 46, 45, 44, 43, 42, 41, 47, 39, 80, 38, 37, 36, 35, 32, 34, 40, 33, 18, 19, 20, 21, 22, 23, 24, 25, 81, 27, 28, 17, 30, 26, 16, 29, 31, 63, 58, 60, 61, 59, 57, 55, 56, 62, 54, 53, 52, 51, 50, 49, 48, 97, 96, 95, 94, 93, 92, 98, 90, 84, 89, 88, 87, 86, 85, 91, 99], "cluster_sizes": [16, 16, 16, 16, 16, 4, 16], "cluster_labels": ["feet | corgi oil canvas baroque style gilded frame feet wide feet tall rembrandt", "feet | corgi oil canvas baroque style gilded frame feet wide feet tall rembrandt", "feet | corgi oil canvas baroque style gilded frame feet wide feet tall rembrandt", "feet | corgi oil canvas baroque style gilded frame feet wide feet tall rembrandt", "feet | corgi oil canvas baroque style gilded frame feet wide feet tall rembrandt", "feet | corgi oil canvas baroque style gilded frame feet wide feet tall rembrandt", "feet | corgi oil canvas baroque style gilded frame feet wide feet tall rembrandt"]}