{"gap_distance": 0.058091696351766586, "loss": 3.912022352218628, "cluster_sort_idcs": [0, 15, 14, 13, 12, 11, 10, 9, 16, 7, 6, 5, 4, 3, 2, 1, 80, 79, 78, 77, 76, 82, 68, 72, 74, 73, 71, 70, 69, 81, 75, 83, 33, 24, 31, 30, 29, 28, 27, 26, 23, 22, 21, 20, 19, 18, 17, 32, 50, 49, 48, 34, 35, 36, 37, 38, 39, 40, 43, 44, 45, 46, 47, 41, 64, 63, 52, 53, 54, 55, 56, 57, 51, 65, 58, 60, 61, 62, 67, 8, 25, 42, 59, 96, 95, 94, 97, 93, 92, 91, 86, 89, 88, 87, 85, 84, 90, 98, 99, 66], "cluster_sort_idcs_reverse": [0, 15, 14, 13, 12, 11, 10, 9, 79, 7, 6, 5, 4, 3, 2, 1, 8, 46, 45, 44, 43, 42, 41, 40, 33, 80, 39, 38, 37, 36, 35, 34, 47, 32, 51, 52, 53, 54, 55, 56, 57, 63, 81, 58, 59, 60, 61, 62, 50, 49, 48, 72, 66, 67, 68, 69, 70, 71, 74, 82, 75, 76, 77, 65, 64, 73, 99, 78, 22, 28, 27, 26, 23, 25, 24, 30, 20, 19, 18, 17, 16, 29, 21, 31, 95, 94, 90, 93, 92, 91, 96, 89, 88, 87, 85, 84, 83, 86, 97, 98], "cluster_sizes": [16, 15, 1, 16, 16, 15, 4, 14, 2, 1], "cluster_labels": ["feet | corgi oil canvas baroque style gilded frame feet wide feet tall rembrandt", "feet | corgi oil canvas baroque style gilded frame feet wide feet tall rembrandt", "feet | corgi oil canvas baroque style gilded frame feet wide feet tall rembrandt", "feet | corgi oil canvas baroque style gilded frame feet wide feet tall rembrandt", "feet | corgi oil canvas baroque style gilded frame feet wide feet tall rembrandt", "feet | corgi oil canvas baroque style gilded frame feet wide feet tall rembrandt", "feet | corgi oil canvas baroque style gilded frame feet wide feet tall rembrandt", "feet | corgi oil canvas baroque style gilded frame feet wide feet tall rembrandt", "feet | corgi oil canvas baroque style gilded frame feet wide feet tall rembrandt", "feet | corgi oil canvas baroque style gilded frame feet wide feet tall rembrandt"]}