{"gap_distance": 0.06442820564623987, "loss": 3.0684098996752, "cluster_sort_idcs": [74, 48, 59, 70, 71, 73, 75, 18, 79, 46, 6, 7, 47, 89, 0, 84, 12, 26, 39, 42, 3, 54, 34, 97, 61, 62, 98, 10, 92, 86, 85, 14, 78, 27, 24, 91, 37, 83, 63, 41, 76, 95, 88, 66, 69, 58, 49, 99, 29, 5, 33, 38, 36, 25, 72, 20, 77, 17, 80, 82, 15, 11, 93, 2, 68, 67, 44, 55, 52, 56, 43, 40, 31, 64, 60, 50, 90, 8, 9, 87, 51, 13, 30, 53, 81, 4, 19, 28, 96, 21, 22, 45, 1, 65, 16, 57, 35, 32, 94, 23], "cluster_sort_idcs_reverse": [14, 92, 63, 20, 85, 49, 10, 11, 77, 78, 27, 61, 16, 81, 31, 60, 94, 57, 7, 86, 55, 89, 90, 99, 34, 53, 17, 33, 87, 48, 82, 72, 97, 50, 22, 96, 52, 36, 51, 18, 71, 39, 19, 70, 66, 91, 9, 12, 1, 46, 75, 80, 68, 83, 21, 67, 69, 95, 45, 2, 74, 24, 25, 38, 73, 93, 43, 65, 64, 44, 3, 4, 54, 5, 0, 6, 40, 56, 32, 8, 58, 84, 59, 37, 15, 30, 29, 79, 42, 13, 76, 35, 28, 62, 98, 41, 88, 23, 26, 47], "cluster_sizes": [11, 3, 1, 3, 18, 4, 13, 21, 18, 8], "cluster_labels": ["painting | impressionism", "artstation | portrait", "portrait beautiful winged goddess wearing ornate black robe gold jewels tom bagshaw", "art | hyper", "detailed | detailed painting", "wet | intricate", "art | artstation", "detailed | art", "art | columbo", "black | eyes"]}