{"gap_distance": 0.7204536700846311, "loss": 3.1707111327825652, "cluster_sort_idcs": [74, 59, 73, 18, 75, 6, 79, 46, 48, 92, 91, 86, 85, 54, 27, 39, 1, 65, 16, 78, 97, 52, 23, 32, 56, 53, 0, 66, 76, 84, 93, 94, 95, 58, 38, 49, 99, 29, 35, 14, 9, 12, 33, 5, 24, 11, 82, 80, 64, 77, 17, 69, 68, 7, 89, 36, 67, 44, 47, 22, 71, 70, 81, 83, 4, 87, 41, 63, 8, 37, 60, 55, 21, 90, 96, 45, 31, 20, 30, 13, 19, 72, 2, 43, 50, 57, 3, 51, 40, 28, 26, 61, 88, 62, 15, 10, 42, 98, 34, 25], "cluster_sort_idcs_reverse": [26, 16, 82, 86, 64, 43, 5, 53, 68, 40, 95, 45, 41, 79, 39, 94, 18, 50, 3, 80, 77, 72, 59, 22, 44, 99, 90, 14, 89, 37, 78, 76, 23, 42, 98, 38, 55, 69, 34, 15, 88, 66, 96, 83, 57, 75, 7, 58, 8, 35, 84, 87, 21, 25, 13, 71, 24, 85, 33, 1, 70, 91, 93, 67, 48, 17, 27, 56, 52, 51, 61, 60, 81, 2, 0, 4, 28, 49, 19, 6, 47, 62, 46, 63, 29, 12, 11, 65, 92, 54, 73, 10, 9, 30, 31, 32, 74, 20, 97, 36], "cluster_sizes": [9, 7, 4, 5, 20, 14, 14, 5, 12, 10], "cluster_labels": ["painting | impressionism", "impressionism | crystal", "high | eyes", "concept | detailed", "art | portrait", "artstation | portrait", "intricate | wet", "columbo | animation", "cat | scene", "detailed | painting"]}