{"gap_distance": 0.3717863970958458, "loss": 3.1473950609208576, "cluster_sort_idcs": [57, 48, 73, 75, 59, 87, 51, 98, 45, 65, 91, 20, 18, 30, 74, 14, 79, 97, 46, 6, 23, 78, 16, 19, 58, 53, 3, 64, 85, 96, 68, 67, 90, 52, 17, 33, 1, 29, 32, 11, 61, 82, 62, 9, 5, 95, 88, 42, 10, 66, 86, 94, 36, 35, 34, 27, 63, 69, 77, 72, 71, 99, 83, 47, 84, 41, 40, 37, 31, 89, 24, 22, 92, 7, 4, 81, 76, 0, 60, 8, 13, 21, 70, 28, 54, 50, 44, 43, 39, 38, 26, 25, 55, 15, 93, 80, 12, 56, 2, 49], "cluster_sort_idcs_reverse": [77, 36, 98, 26, 74, 44, 19, 73, 79, 43, 48, 39, 96, 80, 15, 93, 22, 34, 12, 23, 11, 81, 71, 20, 70, 91, 90, 55, 83, 37, 13, 68, 38, 35, 54, 53, 52, 67, 89, 88, 66, 65, 47, 87, 86, 8, 18, 63, 1, 99, 85, 6, 33, 25, 84, 92, 97, 0, 24, 4, 78, 40, 42, 56, 27, 9, 49, 31, 30, 57, 82, 60, 59, 2, 14, 3, 76, 58, 21, 16, 95, 75, 41, 62, 64, 28, 50, 5, 46, 69, 32, 10, 72, 94, 51, 45, 29, 17, 7, 61], "cluster_sizes": [5, 10, 8, 10, 2, 3, 18, 21, 9, 14], "cluster_labels": ["impressionism | fauvism", "painting | detailed", "detailed | art", "art | columbo", "digital | illustration", "art | long", "painting | detailed", "portrait | detailed", "cat | cat cat", "art | artstation"]}