{"gap_distance": 0.0036872745864845657, "loss": 2.4746866727849945, "cluster_sort_idcs": [48, 75, 73, 79, 22, 46, 6, 59, 57, 88, 72, 85, 31, 98, 21, 45, 28, 19, 20, 90, 1, 2, 3, 60, 8, 65, 18, 74, 96, 92, 91, 70, 50, 13, 43, 40, 39, 51, 30, 71, 4, 16, 99, 62, 5, 33, 10, 61, 29, 42, 7, 63, 69, 11, 37, 83, 82, 47, 81, 76, 89, 25, 97, 0, 14, 23, 27, 44, 32, 64, 95, 93, 15, 17, 26, 78, 49, 38, 66, 53, 67, 54, 55, 68, 34, 56, 41, 86, 87, 9, 12, 94, 77, 84, 52, 58, 80, 35, 36, 24], "cluster_sort_idcs_reverse": [63, 20, 21, 22, 40, 44, 6, 50, 24, 89, 46, 53, 90, 33, 64, 72, 41, 73, 26, 17, 18, 14, 4, 65, 99, 61, 74, 66, 16, 48, 38, 12, 68, 45, 84, 97, 98, 54, 77, 36, 35, 86, 49, 34, 67, 15, 5, 57, 0, 76, 32, 37, 94, 79, 81, 82, 85, 8, 95, 7, 23, 47, 43, 51, 69, 25, 78, 80, 83, 52, 31, 39, 10, 2, 27, 1, 59, 92, 75, 3, 96, 58, 56, 55, 93, 11, 87, 88, 9, 60, 19, 30, 29, 71, 91, 70, 28, 62, 13, 42], "cluster_sizes": [9, 22, 8, 3, 8, 12, 7, 15, 5, 11], "cluster_labels": ["fauvism | painting", "columbo | detailed", "cat | movie", "painting | man", "detailed | painting", "portrait | intricate", "detailed | art", "art | artstation", "painted | concept art", "black | art"]}