{"gap_distance": 0.2952786688116843, "loss": 0.33825511275549935, "cluster_sort_idcs": [59, 75, 46, 48, 6, 79, 57, 4, 71, 16, 39, 70, 65, 73, 74, 43, 30, 28, 40, 60, 22, 13, 1, 3, 96, 8, 91, 90, 85, 51, 45, 50, 18, 19, 89, 47, 11, 81, 37, 25, 7, 82, 69, 63, 76, 83, 49, 32, 23, 17, 15, 55, 56, 92, 97, 72, 0, 14, 2, 98, 27, 44, 21, 31, 20, 29, 54, 78, 10, 94, 95, 5, 88, 33, 99, 35, 61, 62, 42, 77, 52, 80, 84, 58, 93, 9, 64, 12, 87, 34, 86, 67, 68, 24, 26, 41, 38, 36, 66, 53], "cluster_sort_idcs_reverse": [56, 22, 58, 23, 7, 71, 4, 40, 25, 85, 68, 36, 87, 21, 57, 50, 9, 49, 32, 33, 64, 62, 20, 48, 93, 39, 94, 60, 17, 65, 16, 63, 47, 73, 89, 75, 97, 38, 96, 10, 18, 95, 78, 15, 61, 30, 2, 35, 3, 46, 31, 29, 80, 99, 66, 51, 52, 6, 83, 0, 19, 76, 77, 43, 86, 12, 98, 91, 92, 42, 11, 8, 55, 13, 14, 1, 44, 79, 67, 5, 81, 37, 41, 45, 82, 28, 90, 88, 72, 34, 27, 26, 53, 84, 69, 70, 24, 54, 59, 74], "cluster_sizes": [4, 3, 3, 24, 12, 6, 13, 14, 4, 17], "cluster_labels": ["fauvism | painting", "ink drawing hokusai guinea pig | great wave kanagawa style starry night vincent van gogh", "painting | man", "cat | columbo", "portrait | intricate", "greg | painting", "detailed | art", "painting | black", "art | cyberpunk", "art | detailed"]}