{"gap_distance": 0.007865600337526441, "loss": 2.5283961534806774, "cluster_sort_idcs": [1, 40, 31, 85, 30, 39, 28, 43, 44, 20, 98, 50, 3, 51, 45, 16, 29, 26, 37, 63, 55, 33, 25, 53, 84, 22, 95, 5, 9, 81, 87, 15, 12, 64, 67, 80, 77, 17, 49, 78, 52, 97, 23, 83, 21, 92, 60, 82, 62, 61, 76, 58, 94, 89, 0, 35, 11, 36, 41, 42, 24, 47, 7, 86, 14, 6, 90, 96, 56, 93, 68, 79, 66, 65, 57, 38, 34, 19, 8, 18, 48, 73, 4, 75, 74, 71, 70, 46, 59, 27, 91, 2, 32, 10, 13, 54, 72, 69, 88, 99], "cluster_sort_idcs_reverse": [54, 0, 91, 12, 82, 27, 65, 62, 78, 28, 93, 56, 32, 94, 64, 31, 15, 37, 79, 77, 9, 44, 25, 42, 60, 22, 17, 89, 6, 16, 4, 2, 92, 21, 76, 55, 57, 18, 75, 5, 1, 58, 59, 7, 8, 14, 87, 61, 80, 38, 11, 13, 40, 23, 95, 20, 68, 74, 51, 88, 46, 49, 48, 19, 33, 73, 72, 34, 70, 97, 86, 85, 96, 81, 84, 83, 50, 36, 39, 71, 35, 29, 47, 43, 24, 3, 63, 30, 98, 53, 66, 90, 45, 69, 52, 26, 67, 41, 10, 99], "cluster_sizes": [3, 13, 16, 7, 4, 4, 16, 15, 13, 9], "cluster_labels": ["movie | scene", "cat | detailed", "art | greg", "artstation | trending", "long | eyes", "intricate | details", "portrait | painting", "art | columbo", "painting | impressionism", "alphonse mucha | artgerm"]}