{"gap_distance": 0.8738324618356598, "loss": 2.4814385609806786, "cluster_sort_idcs": [49, 45, 44, 43, 51, 39, 30, 85, 20, 17, 16, 98, 3, 40, 31, 63, 78, 68, 42, 66, 5, 52, 53, 33, 55, 29, 82, 24, 84, 89, 47, 7, 62, 15, 9, 61, 76, 86, 38, 65, 36, 34, 11, 56, 93, 59, 74, 73, 75, 70, 46, 95, 4, 71, 8, 32, 27, 22, 91, 48, 18, 87, 92, 60, 83, 37, 41, 21, 81, 77, 94, 0, 1, 35, 80, 67, 64, 12, 14, 6, 23, 79, 50, 57, 97, 13, 2, 96, 10, 90, 72, 19, 69, 25, 26, 28, 54, 58, 88, 99], "cluster_sort_idcs_reverse": [71, 72, 86, 12, 52, 20, 79, 31, 54, 34, 88, 42, 77, 85, 78, 33, 10, 9, 60, 91, 8, 67, 57, 80, 27, 93, 94, 56, 95, 25, 6, 14, 55, 23, 41, 73, 40, 65, 38, 5, 13, 66, 18, 3, 2, 1, 50, 30, 59, 0, 82, 4, 21, 22, 96, 24, 43, 83, 97, 45, 63, 35, 32, 15, 76, 39, 19, 75, 17, 92, 49, 53, 90, 47, 46, 48, 36, 69, 16, 81, 74, 68, 26, 64, 28, 7, 37, 61, 98, 29, 89, 58, 62, 44, 70, 51, 87, 84, 11, 99], "cluster_sizes": [13, 2, 21, 9, 17, 7, 5, 4, 8, 14], "cluster_labels": ["detailed | space", "movie | scene", "art | painting", "art | detailed", "painting | impressionism", "intricate | wet", "black | portrait", "artstation | futuristic", "cat | detailed", "columbo | portrait"]}