{"gap_distance": 1.1293765306472778, "loss": 3.912022352218628, "cluster_sort_idcs": [99, 84, 85, 86, 87, 88, 89, 90, 98, 92, 93, 94, 95, 96, 97, 91, 33, 32, 31, 30, 29, 27, 26, 24, 28, 23, 22, 21, 20, 19, 18, 17, 51, 52, 53, 54, 55, 56, 57, 64, 60, 62, 63, 67, 65, 58, 61, 50, 49, 47, 34, 35, 36, 48, 38, 39, 37, 41, 43, 44, 45, 46, 40, 82, 81, 80, 79, 78, 77, 76, 75, 73, 74, 71, 70, 69, 68, 72, 1, 2, 3, 4, 5, 6, 7, 9, 10, 12, 13, 14, 16, 15, 11, 0, 8, 42, 59, 25, 66, 83], "cluster_sort_idcs_reverse": [93, 78, 79, 80, 81, 82, 83, 84, 94, 85, 86, 92, 87, 88, 89, 91, 90, 31, 30, 29, 28, 27, 26, 25, 23, 97, 22, 21, 24, 20, 19, 18, 17, 16, 50, 51, 52, 56, 54, 55, 62, 57, 95, 58, 59, 60, 61, 49, 53, 48, 47, 32, 33, 34, 35, 36, 37, 38, 45, 96, 40, 46, 41, 42, 39, 44, 98, 43, 76, 75, 74, 73, 77, 71, 72, 70, 69, 68, 67, 66, 65, 64, 63, 99, 1, 2, 3, 4, 5, 6, 7, 15, 9, 10, 11, 12, 13, 14, 8, 0], "cluster_sizes": [16, 16, 15, 16, 15, 16, 4, 1, 1], "cluster_labels": ["feet | corgi oil canvas baroque style gilded frame feet wide feet tall rembrandt", "feet | corgi oil canvas baroque style gilded frame feet wide feet tall rembrandt", "feet | corgi oil canvas baroque style gilded frame feet wide feet tall rembrandt", "feet | corgi oil canvas baroque style gilded frame feet wide feet tall rembrandt", "feet | corgi oil canvas baroque style gilded frame feet wide feet tall rembrandt", "feet | corgi oil canvas baroque style gilded frame feet wide feet tall rembrandt", "feet | corgi oil canvas baroque style gilded frame feet wide feet tall rembrandt", "feet | corgi oil canvas baroque style gilded frame feet wide feet tall rembrandt", "feet | corgi oil canvas baroque style gilded frame feet wide feet tall rembrandt"]}