{"gap_distance": 0.08770085871219635, "loss": 3.912022352218628, "cluster_sort_idcs": [87, 97, 96, 95, 94, 93, 92, 91, 90, 89, 88, 86, 85, 84, 98, 99, 68, 69, 70, 71, 72, 73, 74, 78, 76, 77, 79, 80, 81, 82, 75, 41, 50, 48, 47, 46, 45, 44, 43, 40, 49, 38, 39, 37, 36, 35, 34, 26, 24, 23, 22, 20, 28, 19, 18, 17, 21, 29, 27, 33, 32, 30, 31, 4, 5, 6, 7, 9, 2, 11, 12, 13, 14, 15, 16, 1, 3, 10, 0, 59, 42, 25, 8, 60, 61, 62, 63, 64, 65, 58, 57, 56, 55, 54, 53, 52, 51, 67, 66, 83], "cluster_sort_idcs_reverse": [78, 75, 68, 76, 63, 64, 65, 66, 82, 67, 77, 69, 70, 71, 72, 73, 74, 55, 54, 53, 51, 56, 50, 49, 48, 81, 47, 58, 52, 57, 61, 62, 60, 59, 46, 45, 44, 43, 41, 42, 39, 31, 80, 38, 37, 36, 35, 34, 33, 40, 32, 96, 95, 94, 93, 92, 91, 90, 89, 79, 83, 84, 85, 86, 87, 88, 98, 97, 16, 17, 18, 19, 20, 21, 22, 30, 24, 25, 23, 26, 27, 28, 29, 99, 13, 12, 11, 0, 10, 9, 8, 7, 6, 5, 4, 3, 2, 1, 14, 15], "cluster_sizes": [14, 2, 15, 16, 16, 16, 4, 15, 1, 1], "cluster_labels": ["feet | corgi oil canvas baroque style gilded frame feet wide feet tall rembrandt", "feet | corgi oil canvas baroque style gilded frame feet wide feet tall rembrandt", "feet | corgi oil canvas baroque style gilded frame feet wide feet tall rembrandt", "feet | corgi oil canvas baroque style gilded frame feet wide feet tall rembrandt", "feet | corgi oil canvas baroque style gilded frame feet wide feet tall rembrandt", "feet | corgi oil canvas baroque style gilded frame feet wide feet tall rembrandt", "feet | corgi oil canvas baroque style gilded frame feet wide feet tall rembrandt", "feet | corgi oil canvas baroque style gilded frame feet wide feet tall rembrandt", "feet | corgi oil canvas baroque style gilded frame feet wide feet tall rembrandt", "feet | corgi oil canvas baroque style gilded frame feet wide feet tall rembrandt"]}