{"gap_distance": 0.13000570237636566, "loss": 3.912022352218628, "cluster_sort_idcs": [99, 97, 96, 95, 94, 93, 92, 91, 90, 89, 88, 87, 86, 85, 84, 98, 0, 9, 16, 15, 14, 13, 12, 11, 10, 1, 7, 6, 5, 4, 3, 2, 33, 17, 31, 18, 19, 32, 20, 21, 23, 22, 26, 27, 28, 29, 30, 24, 70, 74, 71, 72, 73, 75, 81, 77, 78, 79, 80, 82, 83, 69, 76, 68, 49, 47, 48, 50, 44, 43, 41, 40, 45, 46, 38, 37, 36, 35, 34, 39, 59, 42, 25, 8, 65, 51, 52, 53, 54, 55, 56, 57, 60, 61, 62, 63, 67, 66, 64, 58], "cluster_sort_idcs_reverse": [16, 25, 31, 30, 29, 28, 27, 26, 83, 17, 24, 23, 22, 21, 20, 19, 18, 33, 35, 36, 38, 39, 41, 40, 47, 82, 42, 43, 44, 45, 46, 34, 37, 32, 78, 77, 76, 75, 74, 79, 71, 70, 81, 69, 68, 72, 73, 65, 66, 64, 67, 85, 86, 87, 88, 89, 90, 91, 99, 80, 92, 93, 94, 95, 98, 84, 97, 96, 63, 61, 48, 50, 51, 52, 49, 53, 62, 55, 56, 57, 58, 54, 59, 60, 14, 13, 12, 11, 10, 9, 8, 7, 6, 5, 4, 3, 2, 1, 15, 0], "cluster_sizes": [16, 16, 16, 16, 16, 4, 16], "cluster_labels": ["feet | corgi oil canvas baroque style gilded frame feet wide feet tall rembrandt", "feet | corgi oil canvas baroque style gilded frame feet wide feet tall rembrandt", "feet | corgi oil canvas baroque style gilded frame feet wide feet tall rembrandt", "feet | corgi oil canvas baroque style gilded frame feet wide feet tall rembrandt", "feet | corgi oil canvas baroque style gilded frame feet wide feet tall rembrandt", "feet | corgi oil canvas baroque style gilded frame feet wide feet tall rembrandt", "feet | corgi oil canvas baroque style gilded frame feet wide feet tall rembrandt"]}