{"gap_distance": 0.9424790740013123, "loss": 3.912022352218628, "cluster_sort_idcs": [68, 69, 70, 71, 72, 73, 75, 76, 74, 77, 78, 79, 80, 81, 82, 83, 27, 31, 30, 29, 28, 32, 26, 33, 24, 23, 22, 21, 20, 19, 18, 17, 8, 25, 59, 42, 52, 53, 54, 55, 56, 51, 58, 60, 61, 63, 64, 65, 57, 62, 67, 66, 48, 34, 35, 36, 37, 38, 50, 39, 41, 43, 44, 45, 46, 47, 40, 49, 0, 16, 1, 2, 3, 4, 6, 7, 5, 10, 11, 12, 13, 14, 15, 9, 92, 97, 96, 95, 94, 93, 91, 84, 89, 88, 87, 86, 85, 98, 90, 99], "cluster_sort_idcs_reverse": [68, 70, 71, 72, 73, 76, 74, 75, 32, 83, 77, 78, 79, 80, 81, 82, 69, 31, 30, 29, 28, 27, 26, 25, 24, 33, 22, 16, 20, 19, 18, 17, 21, 23, 53, 54, 55, 56, 57, 59, 66, 60, 35, 61, 62, 63, 64, 65, 52, 67, 58, 41, 36, 37, 38, 39, 40, 48, 42, 34, 43, 44, 49, 45, 46, 47, 51, 50, 0, 1, 2, 3, 4, 5, 8, 6, 7, 9, 10, 11, 12, 13, 14, 15, 91, 96, 95, 94, 93, 92, 98, 90, 84, 89, 88, 87, 86, 85, 97, 99], "cluster_sizes": [15, 1, 16, 4, 15, 1, 16, 16, 16], "cluster_labels": ["feet | corgi oil canvas baroque style gilded frame feet wide feet tall rembrandt", "feet | corgi oil canvas baroque style gilded frame feet wide feet tall rembrandt", "feet | corgi oil canvas baroque style gilded frame feet wide feet tall rembrandt", "feet | corgi oil canvas baroque style gilded frame feet wide feet tall rembrandt", "feet | corgi oil canvas baroque style gilded frame feet wide feet tall rembrandt", "feet | corgi oil canvas baroque style gilded frame feet wide feet tall rembrandt", "feet | corgi oil canvas baroque style gilded frame feet wide feet tall rembrandt", "feet | corgi oil canvas baroque style gilded frame feet wide feet tall rembrandt", "feet | corgi oil canvas baroque style gilded frame feet wide feet tall rembrandt"]}