{"gap_distance": 0.02790873870253563, "loss": 3.912022352218628, "cluster_sort_idcs": [61, 56, 60, 55, 62, 63, 64, 65, 58, 67, 53, 52, 51, 54, 57, 66, 79, 80, 81, 82, 77, 68, 69, 70, 71, 72, 73, 74, 75, 78, 76, 83, 0, 11, 15, 14, 13, 12, 10, 16, 9, 6, 5, 4, 3, 2, 1, 7, 19, 18, 33, 20, 17, 32, 21, 23, 24, 26, 27, 28, 29, 30, 22, 31, 95, 94, 93, 92, 90, 87, 97, 88, 86, 85, 84, 96, 89, 91, 99, 98, 8, 25, 42, 59, 50, 34, 35, 36, 37, 38, 40, 41, 43, 44, 45, 46, 47, 48, 39, 49], "cluster_sort_idcs_reverse": [32, 46, 45, 44, 43, 42, 41, 47, 80, 40, 38, 33, 37, 36, 35, 34, 39, 52, 49, 48, 51, 54, 62, 55, 56, 81, 57, 58, 59, 60, 61, 63, 53, 50, 85, 86, 87, 88, 89, 98, 90, 91, 82, 92, 93, 94, 95, 96, 97, 99, 84, 12, 11, 10, 13, 3, 1, 14, 8, 83, 2, 0, 4, 5, 6, 7, 15, 9, 21, 22, 23, 24, 25, 26, 27, 28, 30, 20, 29, 16, 17, 18, 19, 31, 74, 73, 72, 69, 71, 76, 68, 77, 67, 66, 65, 64, 75, 70, 79, 78], "cluster_sizes": [15, 1, 15, 1, 16, 16, 14, 2, 4, 16], "cluster_labels": ["feet | corgi oil canvas baroque style gilded frame feet wide feet tall rembrandt", "feet | corgi oil canvas baroque style gilded frame feet wide feet tall rembrandt", "feet | corgi oil canvas baroque style gilded frame feet wide feet tall rembrandt", "feet | corgi oil canvas baroque style gilded frame feet wide feet tall rembrandt", "feet | corgi oil canvas baroque style gilded frame feet wide feet tall rembrandt", "feet | corgi oil canvas baroque style gilded frame feet wide feet tall rembrandt", "feet | corgi oil canvas baroque style gilded frame feet wide feet tall rembrandt", "feet | corgi oil canvas baroque style gilded frame feet wide feet tall rembrandt", "feet | corgi oil canvas baroque style gilded frame feet wide feet tall rembrandt", "feet | corgi oil canvas baroque style gilded frame feet wide feet tall rembrandt"]}