{"gap_distance": 0.10058756917715073, "loss": 3.912022352218628, "cluster_sort_idcs": [68, 69, 70, 71, 72, 74, 75, 73, 77, 78, 79, 80, 81, 82, 76, 41, 36, 37, 38, 39, 40, 43, 49, 45, 46, 47, 48, 50, 35, 44, 34, 0, 1, 11, 10, 9, 7, 6, 5, 4, 3, 16, 14, 2, 15, 12, 13, 86, 87, 88, 89, 90, 91, 92, 93, 94, 95, 96, 97, 85, 84, 99, 98, 31, 32, 18, 20, 21, 22, 23, 24, 17, 19, 27, 28, 29, 30, 33, 26, 59, 8, 42, 25, 63, 64, 51, 52, 53, 54, 55, 56, 57, 58, 60, 61, 62, 67, 65, 66, 83], "cluster_sort_idcs_reverse": [31, 32, 43, 40, 39, 38, 37, 36, 80, 35, 34, 33, 45, 46, 42, 44, 41, 71, 65, 72, 66, 67, 68, 69, 70, 82, 78, 73, 74, 75, 76, 63, 64, 77, 30, 28, 16, 17, 18, 19, 20, 15, 81, 21, 29, 23, 24, 25, 26, 22, 27, 85, 86, 87, 88, 89, 90, 91, 92, 79, 93, 94, 95, 83, 84, 97, 98, 96, 0, 1, 2, 3, 4, 7, 5, 6, 14, 8, 9, 10, 11, 12, 13, 99, 60, 59, 47, 48, 49, 50, 51, 52, 53, 54, 55, 56, 57, 58, 62, 61], "cluster_sizes": [15, 16, 16, 14, 2, 16, 4, 15, 1, 1], "cluster_labels": ["art | splash", "art | splash", "art | splash", "art | splash", "art | splash", "art | splash", "art | splash", "art | splash", "art | splash", "art | splash"]}