{"gap_distance": 1.257367491722107, "loss": 3.912022352218628, "cluster_sort_idcs": [99, 97, 96, 95, 94, 93, 92, 91, 90, 89, 88, 87, 86, 85, 84, 98, 0, 14, 12, 11, 10, 9, 15, 16, 7, 6, 5, 4, 3, 2, 1, 13, 33, 17, 30, 29, 28, 27, 26, 24, 23, 22, 21, 20, 19, 18, 31, 32, 59, 8, 25, 42, 82, 70, 71, 72, 73, 74, 69, 76, 77, 78, 79, 80, 81, 75, 68, 49, 50, 36, 37, 38, 39, 40, 41, 43, 44, 45, 46, 47, 48, 35, 34, 67, 52, 53, 54, 55, 56, 57, 60, 61, 62, 63, 64, 65, 51, 58, 66, 83], "cluster_sort_idcs_reverse": [16, 30, 29, 28, 27, 26, 25, 24, 49, 21, 20, 19, 18, 31, 17, 22, 23, 33, 45, 44, 43, 42, 41, 40, 39, 50, 38, 37, 36, 35, 34, 46, 47, 32, 82, 81, 69, 70, 71, 72, 73, 74, 51, 75, 76, 77, 78, 79, 80, 67, 68, 96, 84, 85, 86, 87, 88, 89, 97, 48, 90, 91, 92, 93, 94, 95, 98, 83, 66, 58, 53, 54, 55, 56, 57, 65, 59, 60, 61, 62, 63, 64, 52, 99, 14, 13, 12, 11, 10, 9, 8, 7, 6, 5, 4, 3, 2, 1, 15, 0], "cluster_sizes": [16, 16, 16, 4, 15, 16, 15, 1, 1], "cluster_labels": ["art | splash", "art | splash", "art | splash", "art | splash", "art | splash", "art | splash", "art | splash", "art | splash", "art | splash"]}