{"gap_distance": 1.0537593364715576, "loss": 3.912022352218628, "cluster_sort_idcs": [99, 84, 85, 86, 87, 88, 89, 90, 98, 92, 93, 94, 95, 96, 97, 91, 29, 28, 27, 26, 32, 24, 23, 20, 21, 19, 18, 17, 33, 30, 22, 31, 0, 16, 15, 14, 13, 11, 10, 9, 12, 6, 5, 4, 3, 2, 1, 7, 58, 67, 65, 64, 63, 62, 61, 60, 57, 66, 55, 54, 53, 52, 51, 56, 83, 82, 81, 80, 79, 77, 76, 75, 74, 78, 72, 71, 70, 69, 68, 73, 42, 59, 8, 25, 35, 37, 38, 39, 34, 40, 36, 44, 43, 45, 46, 50, 48, 47, 41, 49], "cluster_sort_idcs_reverse": [32, 46, 45, 44, 43, 42, 41, 47, 82, 39, 38, 37, 40, 36, 35, 34, 33, 27, 26, 25, 23, 24, 30, 22, 21, 83, 19, 18, 17, 16, 29, 31, 20, 28, 88, 84, 90, 85, 86, 87, 89, 98, 80, 92, 91, 93, 94, 97, 96, 99, 95, 62, 61, 60, 59, 58, 63, 56, 48, 81, 55, 54, 53, 52, 51, 50, 57, 49, 78, 77, 76, 75, 74, 79, 72, 71, 70, 69, 73, 68, 67, 66, 65, 64, 1, 2, 3, 4, 5, 6, 7, 15, 9, 10, 11, 12, 13, 14, 8, 0], "cluster_sizes": [16, 16, 16, 16, 16, 4, 16], "cluster_labels": ["art | splash", "art | splash", "art | splash", "art | splash", "art | splash", "art | splash", "art | splash"]}