{"gap_distance": 0.9335574507713318, "loss": 3.912022352218628, "cluster_sort_idcs": [22, 4, 31, 13, 0, 72, 71, 70, 69, 68, 67, 66, 65, 64, 63, 62, 61, 60, 59, 58, 57, 56, 55, 54, 73, 74, 76, 53, 97, 96, 95, 94, 93, 92, 91, 90, 89, 88, 87, 86, 85, 84, 83, 82, 81, 80, 79, 78, 77, 75, 52, 49, 50, 23, 21, 20, 19, 18, 17, 16, 15, 14, 24, 12, 10, 9, 8, 7, 6, 5, 3, 2, 1, 11, 25, 26, 27, 48, 47, 46, 45, 44, 43, 42, 41, 40, 51, 39, 37, 36, 35, 34, 33, 32, 30, 29, 28, 38, 98, 99], "cluster_sort_idcs_reverse": [4, 72, 71, 70, 1, 69, 68, 67, 66, 65, 64, 73, 63, 3, 61, 60, 59, 58, 57, 56, 55, 54, 0, 53, 62, 74, 75, 76, 96, 95, 94, 2, 93, 92, 91, 90, 89, 88, 97, 87, 85, 84, 83, 82, 81, 80, 79, 78, 77, 51, 52, 86, 50, 27, 23, 22, 21, 20, 19, 18, 17, 16, 15, 14, 13, 12, 11, 10, 9, 8, 7, 6, 5, 24, 25, 49, 26, 48, 47, 46, 45, 44, 43, 42, 41, 40, 39, 38, 37, 36, 35, 34, 33, 32, 31, 30, 29, 28, 98, 99], "cluster_sizes": [4, 94, 2], "cluster_labels": ["feet | corgi oil canvas baroque style gilded frame feet wide feet tall rembrandt", "feet | corgi oil canvas baroque style gilded frame feet wide feet tall rembrandt", "feet | corgi oil canvas baroque style gilded frame feet wide feet tall rembrandt"]}