{"gap_distance": 0.21949423849582672, "loss": 1.664730429649353, "cluster_sort_idcs": [38, 4, 46, 52, 26, 68, 70, 15, 77, 11, 99, 1, 97, 88, 96, 42, 8, 93, 74, 28, 65, 59, 92, 48, 98, 54, 58, 64, 66, 95, 94, 72, 41, 75, 81, 84, 61, 73, 0, 49, 20, 19, 30, 12, 10, 32, 6, 3, 9, 82, 80, 24, 79, 16, 17, 18, 71, 2, 91, 62, 69, 50, 27, 29, 35, 31, 53, 60, 56, 83, 34, 85, 25, 44, 7, 5, 36, 45, 90, 39, 63, 55, 57, 78, 67, 40, 87, 51, 89, 86, 23, 22, 14, 21, 37, 76, 47, 13, 43, 33], "cluster_sort_idcs_reverse": [38, 11, 57, 47, 1, 75, 46, 74, 16, 48, 44, 9, 43, 97, 92, 7, 53, 54, 55, 41, 40, 93, 91, 90, 51, 72, 4, 62, 19, 63, 42, 65, 45, 99, 70, 64, 76, 94, 0, 79, 85, 32, 15, 98, 73, 77, 2, 96, 23, 39, 61, 87, 3, 66, 25, 81, 68, 82, 26, 21, 67, 36, 59, 80, 27, 20, 28, 84, 5, 60, 6, 56, 31, 37, 18, 33, 95, 8, 83, 52, 50, 34, 49, 69, 35, 71, 89, 86, 13, 88, 78, 58, 22, 17, 30, 29, 14, 12, 24, 10], "cluster_sizes": [2, 13, 7, 26, 21, 16, 2, 1, 2, 10], "cluster_labels": ["zebras | zebras fighting cloud dust", "parked | standing", "wave | brown bear", "man | people", "playing | tennis", "white | man", "people standing | people standing ski slope", "man sitting group motorcycles", "sandwich metal tray bowl dipping sauce | steak crab cakes served grilled peaches", "hydrant | road"]}