{"gap_distance": 0.5041963239650291, "loss": 0.9719353654283147, "cluster_sort_idcs": [63, 60, 0, 53, 64, 72, 9, 82, 46, 75, 33, 76, 23, 14, 61, 1, 13, 12, 89, 37, 81, 42, 86, 83, 44, 21, 19, 95, 55, 34, 45, 48, 36, 35, 79, 32, 10, 16, 18, 7, 62, 57, 56, 17, 2, 50, 69, 85, 24, 71, 27, 91, 39, 80, 98, 74, 59, 20, 84, 66, 87, 92, 49, 54, 3, 51, 58, 40, 30, 96, 94, 90, 6, 88, 15, 25, 78, 28, 70, 52, 65, 67, 68, 47, 43, 99, 41, 73, 11, 8, 77, 26, 5, 4, 93, 29, 38, 97, 22, 31], "cluster_sort_idcs_reverse": [2, 15, 44, 64, 93, 92, 72, 39, 89, 6, 36, 88, 17, 16, 13, 74, 37, 43, 38, 26, 57, 25, 98, 12, 48, 75, 91, 50, 77, 95, 68, 99, 35, 10, 29, 33, 32, 19, 96, 52, 67, 86, 21, 84, 24, 30, 8, 83, 31, 62, 45, 65, 79, 3, 63, 28, 42, 41, 66, 56, 1, 14, 40, 0, 4, 80, 59, 81, 82, 46, 78, 49, 5, 87, 55, 9, 11, 90, 76, 34, 53, 20, 7, 23, 58, 47, 22, 60, 73, 18, 71, 51, 61, 94, 70, 27, 69, 97, 54, 85], "cluster_sizes": [2, 6, 10, 12, 10, 14, 4, 11, 19, 12], "cluster_labels": ["animals | man standing grass near animals", "people | group", "hydrant | man", "cake | white", "cat | laptop", "tennis | playing", "wave | riding", "people | beach", "red | sitting", "bear | brown"]}