{"gap_distance": 0.025077026835778657, "loss": 0.747958636549742, "cluster_sort_idcs": [49, 25, 72, 68, 22, 21, 78, 80, 63, 15, 12, 82, 85, 9, 87, 60, 94, 40, 41, 54, 84, 75, 28, 37, 61, 65, 34, 42, 48, 81, 95, 45, 19, 18, 16, 7, 97, 3, 29, 26, 77, 90, 70, 76, 96, 73, 52, 99, 1, 14, 23, 33, 30, 2, 91, 20, 74, 71, 66, 64, 62, 0, 98, 59, 58, 51, 38, 11, 4, 92, 43, 31, 47, 13, 53, 24, 17, 50, 56, 89, 44, 55, 10, 32, 35, 79, 86, 39, 83, 27, 69, 57, 88, 6, 93, 5, 67, 36, 8, 46], "cluster_sort_idcs_reverse": [61, 48, 53, 37, 68, 95, 93, 35, 98, 13, 82, 67, 10, 73, 49, 9, 34, 76, 33, 32, 55, 5, 4, 50, 75, 1, 39, 89, 22, 38, 52, 71, 83, 51, 26, 84, 97, 23, 66, 87, 17, 18, 27, 70, 80, 31, 99, 72, 28, 0, 77, 65, 46, 74, 19, 81, 78, 91, 64, 63, 15, 24, 60, 8, 59, 25, 58, 96, 3, 90, 42, 57, 2, 45, 56, 21, 43, 40, 6, 85, 7, 29, 11, 88, 20, 12, 86, 14, 92, 79, 41, 54, 69, 94, 16, 30, 44, 36, 62, 47], "cluster_sizes": [22, 14, 5, 11, 14, 8, 5, 8, 5, 8], "cluster_labels": ["people | man", "white | table", "grass | field", "man | bus", "people | man", "trees | hydrant", "tennis | wii", "cat | dark cat hiding laptop", "kitchen | group", "bear | cars"]}