{"gap_distance": 0.013463406985467097, "loss": 0.7901644603814828, "cluster_sort_idcs": [14, 47, 46, 13, 43, 23, 79, 35, 41, 16, 7, 6, 98, 18, 81, 86, 19, 83, 95, 42, 44, 89, 66, 55, 92, 1, 63, 97, 67, 31, 49, 78, 77, 26, 29, 71, 60, 84, 62, 2, 3, 38, 4, 57, 58, 88, 96, 93, 65, 69, 90, 70, 72, 56, 82, 0, 53, 25, 27, 28, 54, 32, 33, 22, 36, 37, 34, 11, 5, 51, 8, 39, 21, 45, 10, 74, 59, 20, 12, 94, 17, 87, 91, 9, 15, 30, 24, 80, 76, 75, 73, 68, 40, 64, 48, 61, 50, 52, 85, 99], "cluster_sort_idcs_reverse": [55, 25, 39, 40, 42, 68, 11, 10, 70, 83, 74, 67, 78, 3, 0, 84, 9, 80, 13, 16, 77, 72, 63, 5, 86, 57, 33, 58, 59, 34, 85, 29, 61, 62, 66, 7, 64, 65, 41, 71, 92, 8, 19, 4, 20, 73, 2, 1, 94, 30, 96, 69, 97, 56, 60, 23, 53, 43, 44, 76, 36, 95, 38, 26, 93, 48, 22, 28, 91, 49, 51, 35, 52, 90, 75, 89, 88, 32, 31, 6, 87, 14, 54, 17, 37, 98, 15, 81, 45, 21, 50, 82, 24, 47, 79, 18, 46, 27, 12, 99], "cluster_sizes": [6, 8, 8, 4, 8, 7, 2, 32, 3, 22], "cluster_labels": ["hydrant | road", "cat | laptop", "cake | plate", "people | commercial plane serviced people", "horses | truck", "field | playing", "zebras | zebras fighting cloud dust", "group | people", "wave | riding", "man | tennis"]}