{"gap_distance": 0.4155871931750858, "loss": 0.8559271434540712, "cluster_sort_idcs": [13, 47, 23, 46, 14, 43, 29, 60, 62, 71, 84, 2, 3, 28, 57, 32, 65, 54, 40, 35, 56, 53, 27, 79, 39, 45, 82, 98, 87, 69, 89, 18, 16, 85, 10, 7, 22, 5, 11, 51, 96, 6, 93, 41, 88, 8, 33, 55, 70, 58, 66, 42, 83, 30, 92, 75, 72, 76, 80, 81, 86, 91, 94, 95, 68, 73, 0, 99, 64, 21, 24, 15, 12, 9, 34, 36, 37, 19, 17, 1, 44, 48, 50, 52, 61, 4, 38, 74, 59, 20, 97, 31, 25, 26, 67, 78, 77, 63, 90, 49], "cluster_sort_idcs_reverse": [66, 79, 11, 12, 85, 37, 41, 35, 45, 73, 34, 38, 72, 0, 4, 71, 32, 78, 31, 77, 89, 69, 36, 2, 70, 92, 93, 22, 13, 6, 53, 91, 15, 46, 74, 19, 75, 76, 86, 24, 18, 43, 51, 5, 80, 25, 3, 1, 81, 99, 82, 39, 83, 21, 17, 47, 20, 14, 49, 88, 7, 84, 8, 97, 68, 16, 50, 94, 64, 29, 48, 9, 56, 65, 87, 55, 57, 96, 95, 23, 58, 59, 26, 52, 10, 33, 60, 28, 44, 30, 98, 61, 54, 42, 62, 63, 40, 90, 27, 67], "cluster_sizes": [6, 7, 23, 3, 8, 8, 30, 2, 3, 10], "cluster_labels": ["hydrant | road", "field | playing", "people | playing", "giraffes trees standing | polar bear partially submerged body water", "sitting | busy", "beach | window", "man | white", "zebras | zebras fighting cloud dust", "wave | riding", "horses | train"]}