{"gap_distance": 0.5515459302750257, "loss": 0.7041596472475434, "cluster_sort_idcs": [37, 55, 95, 93, 63, 84, 49, 60, 3, 38, 97, 31, 29, 26, 77, 36, 22, 4, 11, 41, 67, 43, 6, 47, 96, 8, 66, 30, 92, 59, 98, 74, 20, 58, 87, 40, 5, 61, 73, 68, 69, 70, 75, 76, 78, 83, 88, 90, 94, 65, 52, 99, 23, 21, 25, 15, 14, 28, 33, 13, 12, 34, 48, 1, 46, 42, 79, 18, 19, 16, 7, 86, 44, 10, 32, 35, 89, 45, 81, 85, 82, 9, 0, 51, 53, 72, 27, 64, 39, 54, 56, 57, 17, 2, 91, 80, 71, 24, 62, 50], "cluster_sort_idcs_reverse": [82, 63, 93, 8, 17, 36, 22, 70, 25, 81, 73, 18, 60, 59, 56, 55, 69, 92, 67, 68, 32, 53, 16, 52, 97, 54, 13, 86, 57, 12, 27, 11, 74, 58, 61, 75, 15, 0, 9, 88, 35, 19, 65, 21, 72, 77, 64, 23, 62, 6, 99, 83, 50, 84, 89, 1, 90, 91, 33, 29, 7, 37, 98, 4, 87, 49, 26, 20, 39, 40, 41, 96, 85, 38, 31, 42, 43, 14, 44, 66, 95, 78, 80, 45, 5, 79, 71, 34, 46, 76, 47, 94, 28, 3, 48, 2, 24, 10, 30, 51], "cluster_sizes": [3, 1, 5, 10, 6, 12, 29, 13, 13, 8], "cluster_labels": ["close toilet pink seat lid | tall sandwich pickle white plate", "brown bear walking forest surrounded trees", "horse | animals", "horses | area", "sitting | road", "people | standing", "white | man", "cat | cake", "group | people", "tennis | ball"]}