{"gap_distance": 0.004829032673044701, "loss": 0.9265424358785755, "cluster_sort_idcs": [49, 31, 29, 26, 22, 60, 63, 11, 77, 38, 4, 84, 97, 50, 2, 91, 24, 80, 17, 66, 62, 40, 72, 71, 51, 69, 53, 54, 56, 64, 57, 39, 58, 87, 85, 82, 0, 27, 3, 9, 59, 98, 20, 74, 21, 61, 99, 78, 15, 76, 70, 12, 73, 7, 18, 25, 75, 35, 52, 34, 48, 33, 92, 94, 1, 13, 14, 43, 96, 46, 47, 23, 67, 6, 90, 88, 68, 28, 65, 41, 42, 55, 8, 5, 30, 93, 79, 16, 83, 36, 45, 95, 44, 10, 89, 86, 19, 81, 32, 37], "cluster_sort_idcs_reverse": [36, 64, 14, 38, 10, 83, 73, 53, 82, 39, 93, 7, 51, 65, 66, 48, 87, 18, 54, 96, 42, 44, 4, 71, 16, 55, 3, 37, 77, 2, 84, 1, 98, 61, 59, 57, 89, 99, 9, 31, 21, 79, 80, 67, 92, 90, 69, 70, 60, 0, 13, 24, 58, 26, 27, 81, 28, 30, 32, 40, 5, 45, 20, 6, 29, 78, 19, 72, 76, 25, 50, 23, 22, 52, 43, 56, 49, 8, 47, 86, 17, 97, 35, 88, 11, 34, 95, 33, 75, 94, 74, 15, 62, 85, 63, 91, 68, 12, 41, 46], "cluster_sizes": [13, 7, 20, 4, 21, 8, 9, 4, 5, 9], "cluster_labels": ["horse | grass", "tennis | court", "group | people", "wave | riding", "man | phone", "hydrant | road", "cars | white", "bear | brown bear", "cat | bed", "cake | plate"]}