{"gap_distance": 0.6953869940982085, "loss": 0.5113082530154429, "cluster_sort_idcs": [9, 16, 81, 28, 34, 87, 19, 37, 18, 40, 65, 45, 64, 61, 7, 60, 22, 63, 49, 54, 3, 84, 15, 48, 94, 68, 75, 85, 72, 21, 80, 25, 29, 97, 4, 38, 26, 11, 31, 77, 13, 43, 23, 14, 47, 88, 70, 78, 67, 76, 96, 73, 90, 99, 52, 41, 42, 12, 51, 46, 6, 1, 33, 35, 83, 55, 79, 36, 10, 86, 95, 82, 27, 53, 89, 32, 0, 56, 39, 69, 57, 44, 66, 5, 98, 93, 92, 8, 58, 2, 91, 71, 74, 62, 17, 20, 24, 30, 59, 50], "cluster_sort_idcs_reverse": [76, 61, 89, 20, 34, 83, 60, 14, 87, 0, 68, 37, 57, 40, 43, 22, 1, 94, 8, 6, 95, 29, 16, 42, 96, 31, 36, 72, 3, 32, 97, 38, 75, 62, 4, 63, 67, 7, 35, 78, 9, 55, 56, 41, 81, 11, 59, 44, 23, 18, 99, 58, 54, 73, 19, 65, 77, 80, 88, 98, 15, 13, 93, 17, 12, 10, 82, 48, 25, 79, 46, 91, 28, 51, 92, 26, 49, 39, 47, 66, 30, 2, 71, 64, 21, 27, 69, 5, 45, 74, 52, 90, 86, 85, 24, 70, 50, 33, 84, 53], "cluster_sizes": [15, 7, 10, 8, 5, 18, 5, 14, 7, 11], "cluster_labels": ["tv | people", "big | horse", "woman | umbrella", "horses | area", "hydrant | road", "man | sitting", "cat | white", "group | women", "bear | water", "tennis | man"]}