{"gap_distance": 0.004177241586148739, "loss": 1.3692303895950317, "cluster_sort_idcs": [38, 4, 77, 60, 26, 31, 97, 20, 59, 74, 66, 68, 35, 79, 22, 18, 55, 16, 45, 11, 92, 7, 57, 87, 40, 93, 8, 95, 86, 64, 58, 48, 34, 49, 76, 29, 3, 98, 94, 84, 33, 15, 96, 89, 70, 63, 83, 75, 72, 88, 61, 0, 1, 5, 6, 10, 46, 32, 42, 41, 39, 36, 54, 51, 28, 65, 52, 14, 85, 13, 12, 23, 73, 99, 47, 43, 71, 53, 2, 50, 56, 9, 91, 90, 44, 62, 17, 37, 19, 21, 82, 81, 80, 67, 78, 24, 25, 69, 30, 27], "cluster_sort_idcs_reverse": [51, 52, 78, 36, 1, 53, 54, 21, 26, 81, 55, 19, 70, 69, 67, 41, 17, 86, 15, 88, 7, 89, 14, 71, 95, 96, 4, 99, 64, 35, 98, 5, 57, 40, 32, 12, 61, 87, 0, 60, 24, 59, 58, 75, 84, 18, 56, 74, 31, 33, 79, 63, 66, 77, 62, 16, 80, 22, 30, 8, 3, 50, 85, 45, 29, 65, 10, 93, 11, 97, 44, 76, 48, 72, 9, 47, 34, 2, 94, 13, 92, 91, 90, 46, 39, 68, 28, 23, 49, 43, 83, 82, 20, 25, 38, 27, 42, 6, 37, 73], "cluster_sizes": [2, 5, 3, 13, 6, 13, 20, 4, 10, 24], "cluster_labels": ["zebras | zebras fighting cloud dust", "horses | field", "wave | riding", "cat | laptop", "standing | sandwich", "bus | beach", "white | people", "building clock | large building clock", "man | hydrant", "tennis | playing"]}