{"gap_distance": 0.005608079247357091, "loss": 1.2142447758293748, "cluster_sort_idcs": [69, 37, 85, 80, 56, 53, 47, 8, 68, 67, 93, 70, 13, 5, 46, 43, 33, 41, 61, 88, 73, 75, 78, 76, 52, 90, 99, 25, 1, 96, 23, 12, 14, 15, 94, 65, 6, 55, 42, 34, 28, 21, 19, 89, 44, 95, 10, 32, 83, 81, 86, 7, 79, 48, 35, 36, 16, 45, 18, 26, 77, 31, 4, 38, 97, 22, 11, 84, 74, 92, 49, 30, 66, 3, 98, 59, 58, 20, 63, 60, 29, 27, 71, 24, 9, 2, 91, 17, 40, 39, 50, 82, 51, 54, 57, 62, 64, 72, 87, 0], "cluster_sort_idcs_reverse": [99, 28, 85, 73, 62, 13, 36, 51, 7, 84, 46, 66, 31, 12, 32, 33, 56, 87, 58, 42, 77, 41, 65, 30, 83, 27, 59, 81, 40, 80, 71, 61, 47, 16, 39, 54, 55, 1, 63, 89, 88, 17, 38, 15, 44, 57, 14, 6, 53, 70, 90, 92, 24, 5, 93, 37, 4, 94, 76, 75, 79, 18, 95, 78, 96, 35, 72, 9, 8, 0, 11, 82, 97, 20, 68, 21, 23, 60, 22, 52, 3, 49, 91, 48, 67, 2, 50, 98, 19, 43, 25, 86, 69, 10, 34, 45, 29, 64, 74, 26], "cluster_sizes": [6, 10, 19, 7, 9, 8, 8, 11, 3, 19], "cluster_labels": ["game | playing", "hydrant | bear", "man | bus", "window | sitting", "cake | plate", "cat | laptop", "horses | area", "riding | wave", "animals | grass", "group | people"]}