{"gap_distance": 0.21344701945781708, "loss": 1.4597444534301758, "cluster_sort_idcs": [41, 1, 36, 6, 7, 55, 10, 11, 38, 4, 74, 50, 24, 17, 20, 91, 59, 16, 18, 35, 45, 79, 77, 60, 26, 31, 97, 3, 65, 61, 32, 15, 28, 29, 75, 70, 84, 88, 5, 98, 51, 54, 0, 72, 34, 33, 76, 89, 42, 58, 68, 73, 64, 63, 82, 85, 96, 99, 13, 22, 14, 43, 57, 12, 44, 23, 47, 48, 52, 46, 90, 19, 83, 21, 81, 80, 9, 56, 78, 27, 30, 37, 39, 69, 67, 25, 53, 2, 8, 95, 94, 93, 66, 62, 87, 86, 40, 71, 92, 49], "cluster_sort_idcs_reverse": [42, 1, 87, 27, 9, 38, 3, 4, 88, 76, 6, 7, 63, 58, 60, 31, 17, 13, 18, 71, 14, 73, 59, 65, 12, 85, 24, 79, 32, 33, 80, 25, 30, 45, 44, 19, 2, 81, 8, 82, 96, 0, 48, 61, 64, 20, 69, 66, 67, 99, 11, 40, 68, 86, 41, 5, 77, 62, 49, 16, 23, 29, 93, 53, 52, 28, 92, 84, 50, 83, 35, 97, 43, 51, 10, 34, 46, 22, 78, 21, 75, 74, 54, 72, 36, 55, 95, 94, 37, 47, 70, 15, 98, 91, 90, 89, 56, 26, 39, 57], "cluster_sizes": [8, 2, 7, 5, 5, 12, 11, 20, 17, 13], "cluster_labels": ["giraffes trees standing | bunch pizzas display case", "zebras | zebras fighting cloud dust", "tennis | man", "cat | bed", "horses | field", "water | white", "group | people", "man | hydrant", "women | game", "people | standing"]}