{"gap_distance": 0.004542898386716843, "loss": 1.5418869256973267, "cluster_sort_idcs": [4, 38, 77, 26, 70, 22, 68, 64, 88, 15, 75, 45, 63, 94, 46, 48, 96, 61, 5, 97, 1, 12, 58, 98, 41, 39, 59, 32, 74, 49, 83, 95, 7, 19, 20, 6, 10, 81, 3, 84, 92, 53, 73, 66, 54, 51, 30, 85, 91, 79, 69, 82, 71, 72, 80, 62, 57, 0, 56, 2, 9, 50, 27, 24, 16, 35, 29, 18, 17, 25, 78, 87, 90, 44, 40, 67, 11, 55, 31, 36, 60, 23, 21, 37, 47, 13, 43, 14, 76, 52, 8, 93, 65, 28, 42, 86, 34, 33, 89, 99], "cluster_sort_idcs_reverse": [57, 20, 59, 38, 0, 18, 35, 32, 90, 60, 36, 76, 21, 85, 87, 9, 64, 68, 67, 33, 34, 82, 5, 81, 63, 69, 3, 62, 93, 66, 46, 78, 27, 97, 96, 65, 79, 83, 1, 25, 74, 24, 94, 86, 73, 11, 14, 84, 15, 29, 61, 45, 89, 41, 44, 77, 58, 56, 22, 26, 80, 17, 55, 12, 7, 92, 43, 75, 6, 50, 4, 52, 53, 42, 28, 10, 88, 2, 70, 49, 54, 37, 51, 30, 39, 47, 95, 71, 8, 98, 72, 48, 40, 91, 13, 31, 16, 19, 23, 99], "cluster_sizes": [2, 21, 15, 2, 7, 22, 7, 5, 7, 12], "cluster_labels": ["zebras | zebras fighting cloud dust", "man | phone", "riding | wave", "men smile ride horses beach | rider takes horse water speed", "man | riding", "group | tennis", "train | truck", "trees | horses", "hydrant | road", "standing | bus"]}