{"gap_distance": 0.22746071219444275, "loss": 0.9112395644187927, "cluster_sort_idcs": [96, 54, 3, 51, 84, 35, 48, 18, 61, 7, 40, 95, 87, 86, 42, 98, 39, 52, 55, 58, 0, 66, 36, 70, 72, 73, 75, 92, 93, 94, 64, 68, 99, 10, 9, 8, 27, 15, 29, 12, 6, 5, 41, 56, 1, 34, 46, 85, 62, 71, 82, 57, 80, 69, 32, 33, 79, 81, 83, 88, 89, 90, 78, 65, 16, 49, 19, 44, 45, 25, 28, 30, 43, 14, 47, 13, 21, 37, 23, 26, 77, 11, 97, 4, 38, 76, 74, 20, 59, 2, 31, 63, 17, 24, 53, 22, 60, 67, 91, 50], "cluster_sort_idcs_reverse": [20, 44, 89, 2, 83, 41, 40, 9, 35, 34, 33, 81, 39, 75, 73, 37, 64, 92, 7, 66, 87, 76, 95, 78, 93, 69, 79, 36, 70, 38, 71, 90, 54, 55, 45, 5, 22, 77, 84, 16, 10, 42, 14, 72, 67, 68, 46, 74, 6, 65, 99, 3, 17, 94, 1, 18, 43, 51, 19, 88, 96, 8, 48, 91, 30, 63, 21, 97, 31, 53, 23, 49, 24, 25, 86, 26, 85, 80, 62, 56, 52, 57, 50, 58, 4, 47, 13, 12, 59, 60, 61, 98, 27, 28, 29, 11, 0, 82, 15, 32], "cluster_sizes": [5, 5, 4, 28, 12, 18, 7, 6, 4, 11], "cluster_labels": ["sitting | men smile ride horses beach", "laptop | table", "sandwich | people standing", "people | man", "playing | men", "cake | cat", "hydrant | road", "area | horse", "wave | riding", "tennis | man"]}