{"gap_distance": 0.234526127576828, "loss": 0.8217719793319702, "cluster_sort_idcs": [33, 85, 83, 81, 32, 35, 36, 41, 42, 25, 44, 46, 48, 98, 55, 56, 70, 68, 64, 45, 22, 66, 10, 94, 19, 88, 5, 6, 90, 15, 92, 9, 3, 59, 74, 20, 84, 13, 37, 23, 43, 21, 47, 14, 96, 62, 69, 24, 71, 57, 54, 17, 51, 82, 91, 12, 50, 93, 8, 87, 40, 73, 67, 80, 75, 78, 49, 99, 1, 2, 58, 53, 52, 39, 27, 28, 65, 30, 63, 4, 11, 29, 0, 38, 60, 72, 31, 61, 7, 34, 18, 79, 16, 26, 77, 97, 76, 86, 95, 89], "cluster_sort_idcs_reverse": [82, 68, 69, 32, 79, 26, 27, 88, 58, 31, 22, 80, 55, 37, 43, 29, 92, 51, 90, 24, 35, 41, 20, 39, 47, 9, 93, 74, 75, 81, 77, 86, 4, 0, 89, 5, 6, 38, 83, 73, 60, 7, 8, 40, 10, 19, 11, 42, 12, 66, 56, 52, 72, 71, 50, 14, 15, 49, 70, 33, 84, 87, 45, 78, 18, 76, 21, 62, 17, 46, 16, 48, 85, 61, 34, 64, 96, 94, 65, 91, 63, 3, 53, 2, 36, 1, 97, 59, 25, 99, 28, 54, 30, 57, 23, 98, 44, 95, 13, 67], "cluster_sizes": [32, 5, 7, 13, 4, 17, 9, 6, 3, 4], "cluster_labels": ["white | man", "wave | riding", "hydrant | road", "tennis | man", "standing | brown bear", "people | playing", "people | animals", "bed | cat", "horse | fence", "sandwich | man standing open door bus"]}