{"gap_distance": 0.01743859052658081, "loss": 0.7802490741014481, "cluster_sort_idcs": [94, 70, 65, 28, 42, 55, 25, 21, 35, 34, 7, 61, 75, 37, 18, 39, 27, 86, 44, 89, 83, 45, 48, 82, 81, 57, 10, 95, 19, 32, 77, 63, 49, 97, 31, 30, 26, 79, 11, 4, 16, 38, 29, 36, 60, 8, 78, 93, 5, 76, 33, 22, 88, 14, 52, 13, 46, 90, 43, 23, 41, 6, 67, 47, 96, 92, 85, 73, 69, 99, 66, 1, 64, 9, 12, 15, 58, 56, 98, 53, 68, 3, 20, 84, 59, 74, 51, 80, 40, 87, 24, 54, 17, 91, 62, 72, 2, 71, 50, 0], "cluster_sort_idcs_reverse": [99, 71, 96, 81, 39, 48, 61, 10, 45, 73, 26, 38, 74, 55, 53, 75, 40, 92, 14, 28, 82, 7, 51, 59, 90, 6, 36, 16, 3, 42, 35, 34, 29, 50, 9, 8, 43, 13, 41, 15, 88, 60, 4, 58, 18, 21, 56, 63, 22, 32, 98, 86, 54, 79, 91, 5, 77, 25, 76, 84, 44, 11, 94, 31, 72, 2, 70, 62, 80, 68, 1, 97, 95, 67, 85, 12, 49, 30, 46, 37, 87, 24, 23, 20, 83, 66, 17, 89, 52, 19, 57, 93, 65, 47, 0, 27, 64, 33, 78, 69], "cluster_sizes": [7, 8, 15, 7, 8, 8, 12, 16, 5, 14], "cluster_labels": ["window | building clock", "laptop | seat", "table | cake", "horses | fence", "cat | bed", "bus | bear", "hydrant | sitting", "man | people", "wave | riding", "tennis | group"]}