{"gap_distance": 0.0025742894504219294, "loss": 0.9088519811630249, "cluster_sort_idcs": [96, 3, 51, 84, 54, 43, 47, 23, 14, 13, 85, 21, 80, 37, 62, 1, 2, 71, 34, 66, 53, 67, 78, 58, 83, 50, 72, 91, 64, 42, 90, 55, 70, 0, 75, 22, 17, 93, 24, 9, 25, 8, 5, 92, 10, 6, 12, 33, 20, 76, 59, 32, 94, 74, 29, 98, 89, 63, 26, 4, 31, 97, 60, 77, 11, 38, 95, 87, 86, 40, 7, 61, 18, 35, 48, 79, 99, 65, 16, 28, 52, 45, 73, 69, 15, 19, 27, 30, 36, 39, 88, 44, 46, 56, 82, 81, 57, 68, 41, 49], "cluster_sort_idcs_reverse": [33, 15, 16, 1, 59, 42, 45, 70, 41, 39, 44, 64, 46, 9, 8, 84, 78, 36, 72, 85, 48, 11, 35, 7, 38, 40, 58, 86, 79, 54, 87, 60, 51, 47, 18, 73, 88, 13, 65, 89, 69, 98, 29, 5, 91, 81, 92, 6, 74, 99, 25, 2, 80, 20, 4, 31, 93, 96, 23, 50, 62, 71, 14, 57, 28, 77, 19, 21, 97, 83, 32, 17, 26, 82, 53, 34, 49, 63, 22, 75, 12, 95, 94, 24, 3, 10, 68, 67, 90, 56, 30, 27, 43, 37, 52, 66, 0, 61, 55, 76], "cluster_sizes": [5, 5, 9, 25, 13, 9, 4, 5, 8, 17], "cluster_labels": ["sitting | men smile ride horses beach", "hydrant | road", "playing | seat", "tennis | people", "man | wave", "horses | standing", "sandwich | people standing", "laptop | table", "cat | bed", "cake | group"]}