{"gap_distance": 0.032761320500167564, "loss": 0.4876141041737081, "cluster_sort_idcs": [0, 57, 39, 82, 83, 27, 89, 10, 32, 37, 61, 42, 34, 28, 21, 65, 7, 81, 19, 45, 44, 36, 95, 86, 1, 55, 79, 98, 35, 16, 18, 47, 13, 23, 43, 14, 22, 78, 46, 88, 76, 6, 96, 75, 25, 90, 33, 70, 67, 41, 51, 17, 93, 80, 24, 91, 8, 5, 50, 77, 97, 72, 71, 87, 66, 84, 49, 63, 2, 3, 4, 11, 26, 29, 38, 40, 54, 31, 58, 62, 60, 20, 74, 30, 59, 92, 68, 69, 94, 9, 53, 15, 56, 73, 85, 64, 48, 52, 12, 99], "cluster_sort_idcs_reverse": [0, 24, 68, 69, 70, 57, 41, 16, 56, 89, 7, 71, 98, 32, 35, 91, 29, 51, 30, 18, 81, 14, 36, 33, 54, 44, 72, 5, 13, 73, 83, 77, 8, 46, 12, 28, 21, 9, 74, 2, 75, 49, 11, 34, 20, 19, 38, 31, 96, 66, 58, 50, 97, 90, 76, 25, 92, 1, 78, 84, 80, 10, 79, 67, 95, 15, 64, 48, 86, 87, 47, 62, 61, 93, 82, 43, 40, 59, 37, 26, 53, 17, 3, 4, 65, 94, 23, 63, 39, 6, 45, 55, 85, 52, 88, 22, 42, 60, 27, 99], "cluster_sizes": [9, 8, 7, 7, 5, 15, 8, 22, 5, 14], "cluster_labels": ["group | kitchen", "seat | white", "cake | white", "cat | bed", "hydrant | road", "sitting | bus", "tennis | bear", "people | field", "wave | riding", "man | playing"]}