{"gap_distance": 0.838258251834155, "loss": 0.5770095801667782, "cluster_sort_idcs": [89, 79, 18, 45, 16, 44, 95, 86, 19, 81, 48, 53, 56, 57, 0, 39, 69, 10, 82, 27, 32, 72, 38, 36, 60, 77, 84, 97, 63, 31, 49, 29, 11, 3, 26, 22, 4, 13, 47, 43, 23, 14, 96, 67, 70, 33, 75, 51, 76, 41, 90, 46, 88, 25, 6, 78, 7, 61, 83, 65, 21, 42, 28, 37, 34, 35, 40, 5, 50, 24, 87, 8, 80, 91, 93, 66, 2, 17, 62, 71, 54, 1, 58, 98, 55, 15, 64, 30, 94, 92, 59, 68, 20, 73, 74, 52, 85, 9, 12, 99], "cluster_sort_idcs_reverse": [14, 81, 76, 33, 36, 67, 54, 56, 71, 97, 17, 32, 98, 37, 41, 85, 4, 77, 2, 8, 92, 60, 35, 40, 69, 53, 34, 19, 62, 31, 87, 29, 20, 45, 64, 65, 23, 63, 22, 15, 66, 49, 61, 39, 5, 3, 51, 38, 10, 30, 68, 47, 95, 11, 80, 84, 12, 13, 82, 90, 24, 57, 78, 28, 86, 59, 75, 43, 91, 16, 44, 79, 21, 93, 94, 46, 48, 25, 55, 1, 72, 9, 18, 58, 26, 96, 7, 70, 52, 0, 50, 73, 89, 74, 88, 6, 42, 27, 83, 99], "cluster_sizes": [5, 5, 12, 15, 5, 14, 10, 15, 4, 15], "cluster_labels": ["cat | bed", "cake | plate", "group | people", "horses | grass", "hydrant | road", "sitting | bus", "white | seat", "tennis | standing", "people | commercial plane serviced people", "man | riding"]}