{"gap_distance": 0.0026435682084411383, "loss": 0.7848750054836273, "cluster_sort_idcs": [77, 97, 31, 26, 11, 4, 29, 38, 86, 95, 76, 89, 61, 33, 34, 79, 56, 41, 88, 45, 46, 57, 48, 83, 69, 82, 6, 18, 7, 94, 16, 68, 15, 12, 20, 59, 74, 3, 96, 54, 51, 84, 81, 60, 55, 72, 63, 66, 75, 58, 0, 98, 1, 10, 19, 22, 92, 32, 27, 39, 44, 36, 47, 13, 14, 21, 23, 43, 37, 50, 71, 17, 62, 91, 24, 93, 85, 80, 87, 90, 49, 73, 2, 5, 8, 9, 25, 28, 30, 78, 35, 42, 52, 53, 64, 65, 67, 70, 40, 99], "cluster_sort_idcs_reverse": [50, 52, 82, 37, 5, 83, 26, 28, 84, 85, 53, 4, 33, 63, 64, 32, 30, 71, 27, 54, 34, 65, 55, 66, 74, 86, 3, 58, 87, 6, 88, 2, 57, 13, 14, 90, 61, 68, 7, 59, 98, 17, 91, 67, 60, 19, 20, 62, 22, 80, 69, 40, 92, 93, 39, 44, 16, 21, 49, 35, 43, 12, 72, 46, 94, 95, 47, 96, 31, 24, 97, 70, 45, 81, 36, 48, 10, 0, 89, 15, 77, 42, 25, 23, 41, 76, 8, 78, 18, 11, 79, 73, 56, 75, 29, 9, 38, 1, 51, 99], "cluster_sizes": [4, 4, 4, 22, 3, 5, 20, 7, 6, 25], "cluster_labels": ["horses | fence", "zebras | grazing", "sandwich | man standing open door bus", "white | table", "wave | riding", "sitting | men smile ride horses beach", "people | group", "hydrant | road", "tennis | court", "standing | man"]}