{"gap_distance": 0.41227149963378906, "loss": 0.8798553943634033, "cluster_sort_idcs": [42, 55, 65, 37, 28, 21, 34, 33, 67, 76, 23, 78, 41, 88, 52, 13, 43, 90, 14, 46, 6, 47, 96, 84, 20, 59, 3, 74, 15, 1, 68, 98, 58, 92, 66, 40, 99, 73, 77, 85, 87, 12, 93, 8, 94, 5, 70, 25, 63, 60, 97, 49, 30, 11, 22, 26, 29, 31, 4, 38, 18, 10, 7, 32, 35, 75, 61, 89, 86, 16, 95, 44, 45, 19, 83, 36, 48, 79, 81, 53, 82, 64, 57, 9, 27, 69, 39, 56, 2, 91, 50, 80, 24, 51, 72, 71, 62, 54, 17, 0], "cluster_sort_idcs_reverse": [99, 29, 88, 26, 58, 45, 20, 62, 43, 83, 61, 53, 41, 15, 18, 28, 69, 98, 60, 73, 24, 5, 54, 10, 92, 47, 55, 84, 4, 56, 52, 57, 63, 7, 6, 64, 75, 3, 59, 86, 35, 12, 0, 16, 71, 72, 19, 21, 76, 51, 90, 93, 14, 79, 97, 1, 87, 82, 32, 25, 49, 66, 96, 48, 81, 2, 34, 8, 30, 85, 46, 95, 94, 37, 27, 65, 9, 38, 11, 77, 91, 78, 80, 74, 23, 39, 68, 40, 13, 67, 17, 89, 33, 42, 44, 70, 22, 50, 31, 36], "cluster_sizes": [7, 16, 5, 7, 13, 12, 7, 12, 9, 12], "cluster_labels": ["seat | toilet", "hydrant | sitting", "wave | riding", "people | beach", "man | standing", "grass | field", "laptop | dark cat hiding laptop", "cake | white", "women | group", "tennis | group"]}