{"gap_distance": 0.4473613249574736, "loss": 0.6268906693038083, "cluster_sort_idcs": [14, 43, 13, 46, 47, 23, 37, 96, 51, 21, 48, 52, 26, 28, 42, 22, 61, 99, 15, 12, 65, 73, 76, 77, 85, 86, 94, 95, 41, 63, 59, 74, 84, 49, 3, 20, 16, 18, 79, 97, 60, 38, 4, 31, 29, 34, 33, 72, 82, 8, 5, 88, 93, 10, 57, 0, 45, 36, 32, 56, 27, 55, 83, 30, 40, 39, 75, 89, 92, 2, 1, 35, 87, 9, 7, 11, 58, 53, 64, 98, 68, 66, 69, 44, 19, 81, 54, 71, 70, 17, 62, 90, 50, 78, 25, 67, 6, 80, 91, 24], "cluster_sort_idcs_reverse": [55, 70, 69, 34, 42, 50, 96, 74, 49, 73, 53, 75, 19, 2, 0, 18, 36, 89, 37, 84, 35, 9, 15, 5, 99, 94, 12, 60, 13, 44, 63, 43, 58, 46, 45, 71, 57, 6, 41, 65, 64, 28, 14, 1, 83, 56, 3, 4, 10, 33, 92, 8, 11, 77, 86, 61, 59, 54, 76, 30, 40, 16, 90, 29, 78, 20, 81, 95, 80, 82, 88, 87, 47, 21, 31, 66, 22, 23, 93, 38, 97, 85, 48, 62, 32, 24, 25, 72, 51, 67, 91, 98, 68, 52, 26, 27, 7, 39, 79, 17], "cluster_sizes": [6, 4, 20, 6, 3, 6, 14, 24, 3, 14], "cluster_labels": ["hydrant | road", "seat | toilet", "man | standing", "riding | wave", "cat | bed", "field | horses", "bear | group", "people | playing", "cake | cutting", "tennis | ball"]}