{"gap_distance": 0.019114593043923378, "loss": 1.053371399641037, "cluster_sort_idcs": [26, 97, 93, 29, 4, 5, 31, 8, 77, 38, 11, 30, 20, 98, 49, 74, 84, 3, 59, 57, 54, 51, 27, 39, 72, 82, 64, 0, 1, 9, 63, 92, 87, 80, 66, 40, 60, 58, 53, 85, 62, 69, 71, 56, 50, 17, 24, 91, 2, 10, 89, 48, 44, 19, 95, 32, 86, 81, 45, 79, 7, 83, 35, 61, 36, 37, 21, 55, 16, 18, 34, 6, 94, 78, 90, 28, 52, 33, 41, 42, 65, 25, 23, 96, 43, 46, 47, 99, 14, 13, 12, 73, 88, 15, 67, 68, 70, 22, 75, 76], "cluster_sort_idcs_reverse": [27, 28, 48, 17, 4, 5, 71, 60, 7, 29, 49, 10, 90, 89, 88, 93, 68, 45, 69, 53, 12, 66, 97, 82, 46, 81, 0, 22, 75, 3, 11, 6, 55, 77, 70, 62, 64, 65, 9, 23, 35, 78, 79, 84, 52, 58, 85, 86, 51, 14, 44, 21, 76, 38, 20, 67, 43, 19, 37, 18, 36, 63, 40, 30, 26, 80, 34, 94, 95, 41, 96, 42, 24, 91, 15, 98, 99, 8, 73, 59, 33, 57, 25, 61, 16, 39, 56, 32, 92, 50, 74, 47, 31, 2, 72, 54, 83, 1, 13, 87], "cluster_sizes": [11, 8, 11, 9, 10, 10, 12, 11, 10, 8], "cluster_labels": ["bear | brown", "riding | wave", "group | people", "people | standing", "tennis | playing", "cake | table", "white | cat", "traffic | busy", "hydrant | man", "bus | white"]}