{"gap_distance": 0.4308065176010132, "loss": 1.0578051805496216, "cluster_sort_idcs": [44, 95, 32, 89, 48, 86, 45, 10, 19, 81, 35, 34, 61, 21, 79, 36, 18, 37, 83, 7, 16, 1, 54, 57, 64, 39, 27, 51, 9, 82, 24, 62, 50, 91, 2, 80, 71, 17, 0, 69, 72, 85, 87, 56, 73, 99, 40, 12, 46, 96, 93, 5, 8, 13, 14, 76, 75, 22, 43, 67, 23, 47, 4, 29, 77, 97, 11, 31, 26, 38, 53, 58, 60, 92, 66, 63, 3, 84, 98, 30, 49, 59, 74, 20, 78, 28, 65, 94, 42, 68, 70, 90, 88, 6, 41, 33, 52, 55, 25, 15], "cluster_sort_idcs_reverse": [38, 21, 34, 76, 62, 51, 93, 19, 52, 28, 7, 66, 47, 53, 54, 99, 20, 37, 16, 8, 83, 13, 57, 60, 30, 98, 68, 26, 85, 63, 79, 67, 2, 95, 11, 10, 15, 17, 69, 25, 46, 94, 88, 58, 0, 6, 48, 61, 4, 80, 32, 27, 96, 70, 22, 97, 43, 23, 71, 81, 72, 12, 31, 75, 24, 86, 74, 59, 89, 39, 90, 36, 40, 44, 82, 56, 55, 64, 84, 14, 35, 9, 29, 18, 77, 41, 5, 42, 92, 3, 91, 33, 73, 50, 87, 1, 49, 65, 78, 45], "cluster_sizes": [10, 11, 9, 8, 10, 14, 8, 6, 8, 16], "cluster_labels": ["cake | table", "white | cat", "group | people", "tennis | ball", "man | people", "hydrant | road", "horses | area", "people | standing", "riding | wave", "traffic | red"]}