{"gap_distance": 0.011016298742151707, "loss": 0.562272076112822, "cluster_sort_idcs": [43, 23, 14, 46, 47, 13, 99, 15, 12, 26, 73, 52, 76, 77, 85, 94, 63, 22, 45, 57, 34, 18, 16, 11, 79, 60, 69, 56, 53, 29, 31, 4, 97, 38, 74, 84, 59, 49, 20, 3, 36, 37, 21, 10, 8, 27, 5, 83, 93, 39, 32, 98, 89, 55, 1, 66, 88, 67, 6, 78, 90, 75, 70, 96, 0, 33, 41, 51, 25, 68, 7, 35, 50, 91, 92, 17, 24, 30, 42, 2, 44, 95, 40, 87, 86, 65, 64, 81, 80, 28, 54, 9, 72, 71, 58, 61, 62, 19, 48, 82], "cluster_sort_idcs_reverse": [64, 54, 79, 39, 31, 46, 58, 70, 44, 91, 43, 23, 8, 5, 2, 7, 22, 75, 21, 97, 38, 42, 17, 1, 76, 68, 9, 45, 89, 29, 77, 30, 50, 65, 20, 71, 40, 41, 33, 49, 82, 66, 78, 0, 80, 18, 3, 4, 98, 37, 72, 67, 11, 28, 90, 53, 27, 19, 94, 36, 25, 95, 96, 16, 86, 85, 55, 57, 69, 26, 62, 93, 92, 10, 34, 61, 12, 13, 59, 24, 88, 87, 99, 47, 35, 14, 84, 83, 56, 52, 60, 73, 74, 48, 15, 81, 63, 32, 51, 6], "cluster_sizes": [6, 12, 7, 9, 6, 11, 5, 13, 9, 22], "cluster_labels": ["hydrant | road", "man | standing", "bed | cat", "field | horses", "riding | wave", "bear | kitchen", "people | flying", "sitting | yellow", "tennis | man", "people | group"]}