{"gap_distance": 1.0380675875213599, "loss": 3.912023005453756, "cluster_sort_idcs": [99, 98, 42, 59, 8, 25, 92, 70, 69, 68, 67, 66, 65, 64, 63, 62, 61, 60, 96, 97, 58, 57, 56, 55, 54, 53, 71, 93, 72, 74, 91, 94, 90, 89, 88, 87, 86, 85, 84, 83, 82, 81, 80, 79, 78, 77, 76, 75, 95, 73, 52, 0, 50, 21, 20, 19, 18, 17, 16, 15, 14, 13, 22, 12, 10, 9, 7, 6, 5, 4, 3, 2, 1, 11, 23, 24, 26, 48, 47, 46, 45, 44, 43, 41, 40, 39, 38, 37, 36, 35, 34, 33, 32, 31, 30, 29, 28, 27, 51, 49], "cluster_sort_idcs_reverse": [51, 72, 71, 70, 69, 68, 67, 66, 4, 65, 64, 73, 63, 61, 60, 59, 58, 57, 56, 55, 54, 53, 62, 74, 75, 5, 76, 97, 96, 95, 94, 93, 92, 91, 90, 89, 88, 87, 86, 85, 84, 83, 2, 82, 81, 80, 79, 78, 77, 99, 52, 98, 50, 25, 24, 23, 22, 21, 20, 3, 17, 16, 15, 14, 13, 12, 11, 10, 9, 8, 7, 26, 28, 49, 29, 47, 46, 45, 44, 43, 42, 41, 40, 39, 38, 37, 36, 35, 34, 33, 32, 30, 6, 27, 31, 48, 18, 19, 1, 0], "cluster_sizes": [2, 4, 94], "cluster_labels": ["space inside coffee cup realistic detailed", "space inside coffee cup realistic detailed", "space inside coffee cup realistic detailed"]}