{"gap_distance": 0.332776078260954, "loss": 1.5342146225670104, "cluster_sort_idcs": [71, 57, 54, 41, 33, 28, 58, 7, 50, 21, 89, 14, 20, 31, 73, 30, 69, 70, 81, 55, 94, 60, 6, 4, 1, 43, 65, 64, 59, 36, 35, 53, 42, 0, 86, 3, 96, 8, 95, 10, 29, 16, 74, 85, 83, 79, 17, 67, 92, 62, 61, 78, 77, 76, 97, 72, 49, 37, 19, 5, 48, 9, 25, 12, 34, 40, 18, 38, 22, 91, 88, 68, 39, 66, 32, 45, 75, 26, 93, 56, 80, 11, 82, 2, 84, 52, 13, 24, 44, 51, 15, 23, 90, 27, 63, 46, 47, 98, 87, 99], "cluster_sort_idcs_reverse": [33, 24, 83, 35, 23, 59, 22, 7, 37, 61, 39, 81, 63, 86, 11, 90, 41, 46, 66, 58, 12, 9, 68, 91, 87, 62, 77, 93, 5, 40, 15, 13, 74, 4, 64, 30, 29, 57, 67, 72, 65, 3, 32, 25, 88, 75, 95, 96, 60, 56, 8, 89, 85, 31, 2, 19, 79, 1, 6, 28, 21, 50, 49, 94, 27, 26, 73, 47, 71, 16, 17, 0, 55, 14, 42, 76, 53, 52, 51, 45, 80, 18, 82, 44, 84, 43, 34, 98, 70, 10, 92, 69, 48, 78, 20, 38, 36, 54, 97, 99], "cluster_sizes": [2, 3, 10, 11, 21, 21, 5, 13, 4, 10], "cluster_labels": ["dog | elephant running dog mud flat", "dogs | roasting hot dogs outside", "hot | dog", "dog | car", "dog | small", "dog | sitting", "dog | frisbee mouth", "man | dog", "dogs | sheep", "dog | frisbee"]}