{"gap_distance": 0.3471587480214529, "loss": 0.9270575796555283, "cluster_sort_idcs": [99, 96, 74, 33, 5, 40, 43, 67, 47, 10, 31, 12, 53, 54, 32, 56, 2, 55, 28, 57, 69, 71, 38, 72, 49, 14, 21, 20, 25, 87, 70, 64, 58, 52, 16, 44, 39, 62, 66, 9, 82, 84, 34, 77, 4, 85, 60, 95, 7, 36, 91, 75, 6, 73, 3, 19, 79, 37, 81, 88, 93, 94, 1, 76, 80, 68, 0, 41, 63, 17, 35, 59, 29, 11, 30, 46, 48, 65, 89, 86, 23, 98, 22, 8, 15, 18, 26, 90, 83, 51, 27, 92, 97, 45, 61, 24, 42, 78, 13, 50], "cluster_sort_idcs_reverse": [66, 62, 16, 54, 44, 4, 52, 48, 83, 39, 9, 73, 11, 98, 25, 84, 34, 69, 85, 55, 27, 26, 82, 80, 95, 28, 86, 90, 18, 72, 74, 10, 14, 3, 42, 70, 49, 57, 22, 36, 5, 67, 96, 6, 35, 93, 75, 8, 76, 24, 99, 89, 33, 12, 13, 17, 15, 19, 32, 71, 46, 94, 37, 68, 31, 77, 38, 7, 65, 20, 30, 21, 23, 53, 2, 51, 63, 43, 97, 56, 64, 58, 40, 88, 41, 45, 79, 29, 59, 78, 87, 50, 91, 60, 61, 47, 1, 92, 81, 0], "cluster_sizes": [14, 5, 9, 10, 14, 26, 7, 4, 4, 7], "cluster_labels": ["dog | bed", "dog | man", "dog | hot", "dog | near", "dog | man", "dog | brown", "dog | frisbee", "dog | close dog near bowl", "dogs | dog sits chair glass", "dog | dogs"]}