{"gap_distance": 0.11219830065965652, "loss": 3.912022352218628, "cluster_sort_idcs": [99, 97, 96, 95, 94, 93, 92, 91, 90, 89, 88, 87, 86, 85, 84, 98, 0, 4, 15, 14, 13, 12, 11, 10, 9, 1, 7, 6, 5, 3, 2, 32, 17, 30, 18, 19, 31, 21, 22, 23, 20, 26, 27, 28, 29, 24, 57, 67, 65, 64, 63, 62, 61, 60, 56, 58, 54, 51, 52, 55, 53, 25, 80, 81, 82, 44, 43, 42, 41, 40, 39, 79, 38, 37, 36, 35, 34, 8, 77, 76, 59, 50, 48, 47, 46, 78, 68, 45, 70, 71, 72, 73, 74, 75, 69, 33, 83, 16, 66, 49], "cluster_sort_idcs_reverse": [16, 25, 30, 29, 17, 28, 27, 26, 77, 24, 23, 22, 21, 20, 19, 18, 97, 32, 34, 35, 40, 37, 38, 39, 45, 61, 41, 42, 43, 44, 33, 36, 31, 95, 76, 75, 74, 73, 72, 70, 69, 68, 67, 66, 65, 87, 84, 83, 82, 99, 81, 57, 58, 60, 56, 59, 54, 46, 55, 80, 53, 52, 51, 50, 49, 48, 98, 47, 86, 94, 88, 89, 90, 91, 92, 93, 79, 78, 85, 71, 62, 63, 64, 96, 14, 13, 12, 11, 10, 9, 8, 7, 6, 5, 4, 3, 2, 1, 15, 0], "cluster_sizes": [16, 15, 15, 15, 34, 1, 1, 1, 1, 1], "cluster_labels": ["portrait | artstation", "portrait | artstation", "portrait | artstation", "portrait | artstation", "portrait | artstation", "portrait | artstation", "portrait | artstation", "portrait | artstation", "portrait | artstation", "portrait | artstation"]}