{"gap_distance": 0.0909346267580986, "loss": 3.9120222330093384, "cluster_sort_idcs": [60, 58, 67, 65, 63, 62, 61, 64, 52, 53, 54, 55, 56, 57, 51, 66, 26, 33, 32, 31, 30, 28, 27, 24, 29, 22, 21, 20, 19, 18, 17, 23, 99, 88, 87, 86, 85, 98, 91, 94, 93, 89, 95, 96, 84, 97, 92, 90, 79, 77, 70, 71, 72, 73, 74, 75, 76, 78, 69, 68, 81, 82, 80, 50, 8, 25, 34, 35, 36, 37, 38, 39, 41, 42, 43, 44, 45, 46, 47, 48, 59, 40, 0, 7, 15, 14, 13, 12, 11, 10, 9, 6, 5, 4, 3, 2, 1, 16, 49, 83], "cluster_sort_idcs_reverse": [82, 96, 95, 94, 93, 92, 91, 83, 64, 90, 89, 88, 87, 86, 85, 84, 97, 30, 29, 28, 27, 26, 25, 31, 23, 65, 16, 22, 21, 24, 20, 19, 18, 17, 66, 67, 68, 69, 70, 71, 81, 72, 73, 74, 75, 76, 77, 78, 79, 98, 63, 14, 8, 9, 10, 11, 12, 13, 1, 80, 0, 6, 5, 4, 7, 3, 15, 2, 59, 58, 50, 51, 52, 53, 54, 55, 56, 49, 57, 48, 62, 60, 61, 99, 44, 36, 35, 34, 33, 41, 47, 38, 46, 40, 39, 42, 43, 45, 37, 32], "cluster_sizes": [15, 1, 16, 16, 15, 19, 15, 1, 1, 1], "cluster_labels": ["portrait | artstation", "portrait | artstation", "portrait | artstation", "portrait | artstation", "portrait | artstation", "portrait | artstation", "portrait | artstation", "portrait | artstation", "portrait | artstation", "portrait | artstation"]}