{"gap_distance": 1.1673229932785034, "loss": 3.912022352218628, "cluster_sort_idcs": [23, 33, 32, 31, 30, 29, 28, 27, 26, 24, 22, 21, 20, 19, 18, 17, 0, 15, 1, 16, 3, 4, 5, 6, 7, 2, 9, 10, 11, 12, 13, 14, 67, 52, 53, 54, 55, 56, 57, 62, 60, 61, 65, 63, 64, 51, 58, 50, 49, 35, 34, 36, 37, 38, 48, 40, 39, 43, 44, 45, 46, 47, 41, 86, 90, 87, 88, 89, 91, 84, 93, 94, 95, 85, 96, 97, 92, 98, 99, 42, 59, 25, 8, 79, 68, 69, 70, 78, 71, 73, 75, 76, 77, 82, 81, 80, 72, 74, 66, 83], "cluster_sort_idcs_reverse": [16, 18, 25, 20, 21, 22, 23, 24, 82, 26, 27, 28, 29, 30, 31, 17, 19, 15, 14, 13, 12, 11, 10, 0, 9, 81, 8, 7, 6, 5, 4, 3, 2, 1, 50, 49, 51, 52, 53, 56, 55, 62, 79, 57, 58, 59, 60, 61, 54, 48, 47, 45, 33, 34, 35, 36, 37, 38, 46, 80, 40, 41, 39, 43, 44, 42, 98, 32, 84, 85, 86, 88, 96, 89, 97, 90, 91, 92, 87, 83, 95, 94, 93, 99, 69, 73, 63, 65, 66, 67, 64, 68, 76, 70, 71, 72, 74, 75, 77, 78], "cluster_sizes": [16, 16, 15, 16, 14, 2, 4, 15, 1, 1], "cluster_labels": ["art | splash", "art | splash", "art | splash", "art | splash", "art | splash", "art | splash", "art | splash", "art | splash", "art | splash", "art | splash"]}