{"gap_distance": 0.15102535486221313, "loss": 3.912022352218628, "cluster_sort_idcs": [23, 33, 32, 31, 30, 29, 28, 27, 26, 24, 22, 21, 20, 19, 18, 17, 0, 15, 1, 16, 3, 4, 5, 6, 7, 2, 9, 10, 11, 12, 13, 14, 82, 69, 70, 71, 72, 73, 74, 78, 76, 77, 81, 79, 80, 68, 75, 50, 49, 40, 47, 35, 36, 37, 38, 39, 48, 41, 43, 44, 45, 46, 34, 67, 65, 63, 51, 52, 53, 54, 55, 56, 64, 57, 58, 60, 61, 62, 59, 8, 42, 25, 98, 99, 97, 96, 95, 94, 93, 92, 91, 89, 88, 87, 86, 85, 84, 90, 66, 83], "cluster_sort_idcs_reverse": [16, 18, 25, 20, 21, 22, 23, 24, 79, 26, 27, 28, 29, 30, 31, 17, 19, 15, 14, 13, 12, 11, 10, 0, 9, 81, 8, 7, 6, 5, 4, 3, 2, 1, 62, 51, 52, 53, 54, 55, 49, 57, 80, 58, 59, 60, 61, 50, 56, 48, 47, 66, 67, 68, 69, 70, 71, 73, 74, 78, 75, 76, 77, 65, 72, 64, 98, 63, 45, 33, 34, 35, 36, 37, 38, 46, 40, 41, 39, 43, 44, 42, 32, 99, 96, 95, 94, 93, 92, 91, 97, 90, 89, 88, 87, 86, 85, 84, 82, 83], "cluster_sizes": [16, 16, 15, 16, 15, 4, 2, 14, 1, 1], "cluster_labels": ["art | splash", "art | splash", "art | splash", "art | splash", "art | splash", "art | splash", "art | splash", "art | splash", "art | splash", "art | splash"]}