{"gap_distance": 0.8809352517127991, "loss": 3.912022352218628, "cluster_sort_idcs": [31, 29, 28, 27, 26, 32, 24, 23, 22, 21, 20, 19, 18, 17, 33, 30, 49, 36, 37, 38, 39, 40, 41, 43, 44, 45, 46, 47, 48, 50, 35, 34, 0, 16, 1, 2, 3, 4, 5, 7, 6, 10, 11, 12, 13, 14, 15, 9, 67, 65, 58, 64, 63, 62, 61, 60, 57, 66, 55, 51, 52, 56, 54, 53, 97, 96, 95, 94, 84, 92, 91, 90, 89, 88, 87, 86, 85, 93, 99, 59, 98, 42, 25, 8, 79, 68, 69, 70, 77, 71, 73, 74, 75, 76, 83, 82, 81, 80, 72, 78], "cluster_sort_idcs_reverse": [32, 34, 35, 36, 37, 38, 40, 39, 83, 47, 41, 42, 43, 44, 45, 46, 33, 13, 12, 11, 10, 9, 8, 7, 6, 82, 4, 3, 2, 1, 15, 0, 5, 14, 31, 30, 17, 18, 19, 20, 21, 22, 81, 23, 24, 25, 26, 27, 28, 16, 29, 59, 60, 63, 62, 58, 61, 56, 50, 79, 55, 54, 53, 52, 51, 49, 57, 48, 85, 86, 87, 89, 98, 90, 91, 92, 93, 88, 99, 84, 97, 96, 95, 94, 68, 76, 75, 74, 73, 72, 71, 70, 69, 77, 67, 66, 65, 64, 80, 78], "cluster_sizes": [16, 16, 16, 16, 20, 16], "cluster_labels": ["art | splash", "art | splash", "art | splash", "art | splash", "art | splash", "art | splash"]}