{"gap_distance": 0.23877505958080292, "loss": 3.912022352218628, "cluster_sort_idcs": [49, 34, 35, 36, 37, 39, 40, 41, 38, 44, 45, 46, 47, 48, 50, 43, 26, 33, 32, 31, 29, 28, 27, 24, 30, 23, 22, 21, 20, 19, 18, 17, 77, 76, 75, 74, 80, 72, 78, 70, 73, 71, 79, 68, 69, 81, 82, 84, 85, 86, 87, 91, 97, 89, 96, 95, 94, 93, 92, 90, 88, 99, 98, 62, 61, 51, 52, 53, 55, 56, 57, 54, 60, 67, 65, 64, 63, 58, 2, 9, 1, 3, 4, 5, 6, 7, 10, 0, 12, 13, 14, 15, 16, 11, 8, 42, 59, 25, 66, 83], "cluster_sort_idcs_reverse": [87, 80, 78, 81, 82, 83, 84, 85, 94, 79, 86, 93, 88, 89, 90, 91, 92, 31, 30, 29, 28, 27, 26, 25, 23, 97, 16, 22, 21, 20, 24, 19, 18, 17, 1, 2, 3, 4, 8, 5, 6, 7, 95, 15, 9, 10, 11, 12, 13, 0, 14, 65, 66, 67, 71, 68, 69, 70, 77, 96, 72, 64, 63, 76, 75, 74, 98, 73, 43, 44, 39, 41, 37, 40, 35, 34, 33, 32, 38, 42, 36, 45, 46, 99, 47, 48, 49, 50, 60, 53, 59, 51, 58, 57, 56, 55, 54, 52, 62, 61], "cluster_sizes": [16, 16, 15, 14, 2, 15, 16, 4, 1, 1], "cluster_labels": ["art | splash", "art | splash", "art | splash", "art | splash", "art | splash", "art | splash", "art | splash", "art | splash", "art | splash", "art | splash"]}