{"gap_distance": 0.05898750573396683, "loss": 3.912022352218628, "cluster_sort_idcs": [66, 83, 49, 36, 37, 38, 39, 40, 41, 44, 35, 45, 46, 47, 48, 50, 43, 34, 0, 14, 3, 2, 4, 5, 1, 6, 7, 9, 10, 11, 12, 13, 15, 16, 18, 19, 33, 20, 21, 22, 23, 24, 26, 17, 27, 28, 29, 30, 31, 32, 63, 61, 60, 58, 62, 57, 65, 55, 54, 53, 52, 51, 67, 64, 56, 74, 76, 73, 77, 75, 72, 80, 70, 69, 68, 78, 81, 82, 71, 79, 59, 8, 42, 25, 97, 96, 95, 94, 93, 92, 91, 90, 89, 88, 87, 86, 85, 84, 98, 99], "cluster_sort_idcs_reverse": [18, 24, 21, 20, 22, 23, 25, 26, 81, 27, 28, 29, 30, 31, 19, 32, 33, 43, 34, 35, 37, 38, 39, 40, 41, 83, 42, 44, 45, 46, 47, 48, 49, 36, 17, 10, 3, 4, 5, 6, 7, 8, 82, 16, 9, 11, 12, 13, 14, 2, 15, 61, 60, 59, 58, 57, 64, 55, 53, 80, 52, 51, 54, 50, 63, 56, 0, 62, 74, 73, 72, 78, 70, 67, 65, 69, 66, 68, 75, 79, 71, 76, 77, 1, 97, 96, 95, 94, 93, 92, 91, 90, 89, 88, 87, 86, 85, 84, 98, 99], "cluster_sizes": [1, 1, 16, 16, 16, 15, 15, 4, 14, 2], "cluster_labels": ["art | splash", "art | splash", "art | splash", "art | splash", "art | splash", "art | splash", "art | splash", "art | splash", "art | splash", "art | splash"]}