{"gap_distance": 1.006334900856018, "loss": 3.912022352218628, "cluster_sort_idcs": [77, 68, 69, 70, 71, 72, 73, 74, 75, 76, 82, 78, 79, 80, 81, 83, 66, 29, 28, 27, 26, 30, 24, 33, 22, 21, 20, 19, 18, 17, 31, 23, 32, 0, 15, 14, 13, 12, 11, 10, 9, 7, 6, 5, 4, 3, 2, 1, 16, 50, 49, 40, 34, 35, 36, 37, 38, 39, 41, 43, 44, 45, 46, 47, 48, 67, 51, 64, 63, 62, 61, 60, 65, 58, 52, 57, 56, 55, 54, 53, 25, 8, 42, 59, 97, 96, 95, 94, 93, 92, 91, 90, 89, 88, 87, 86, 85, 84, 98, 99], "cluster_sort_idcs_reverse": [33, 47, 46, 45, 44, 43, 42, 41, 81, 40, 39, 38, 37, 36, 35, 34, 48, 29, 28, 27, 26, 25, 24, 31, 22, 80, 20, 19, 18, 17, 21, 30, 32, 23, 52, 53, 54, 55, 56, 57, 51, 58, 82, 59, 60, 61, 62, 63, 64, 50, 49, 66, 74, 79, 78, 77, 76, 75, 73, 83, 71, 70, 69, 68, 67, 72, 16, 65, 1, 2, 3, 4, 5, 6, 7, 8, 9, 0, 11, 12, 13, 14, 10, 15, 97, 96, 95, 94, 93, 92, 91, 90, 89, 88, 87, 86, 85, 84, 98, 99], "cluster_sizes": [15, 1, 1, 16, 16, 16, 15, 4, 16], "cluster_labels": ["art | splash", "art | splash", "art | splash", "art | splash", "art | splash", "art | splash", "art | splash", "art | splash", "art | splash"]}