{"gap_distance": 0.8954142333002036, "loss": 0.7084367378740608, "cluster_sort_idcs": [83, 26, 25, 22, 82, 18, 36, 16, 39, 89, 85, 64, 70, 95, 7, 44, 23, 86, 92, 15, 27, 8, 90, 98, 77, 30, 68, 41, 80, 0, 1, 3, 88, 19, 94, 6, 93, 46, 51, 73, 76, 28, 63, 11, 62, 79, 37, 17, 81, 32, 61, 65, 58, 97, 55, 24, 50, 13, 45, 78, 42, 69, 72, 71, 49, 57, 14, 20, 21, 38, 56, 52, 87, 99, 91, 48, 75, 35, 2, 33, 43, 67, 66, 96, 4, 5, 9, 10, 12, 54, 53, 74, 47, 29, 84, 31, 60, 34, 40, 59], "cluster_sort_idcs_reverse": [29, 30, 78, 31, 84, 85, 35, 14, 21, 86, 87, 43, 88, 57, 66, 19, 7, 47, 5, 33, 67, 68, 3, 16, 55, 2, 1, 20, 41, 93, 25, 95, 49, 79, 97, 77, 6, 46, 69, 8, 98, 27, 60, 80, 15, 58, 37, 92, 75, 64, 56, 38, 71, 90, 89, 54, 70, 65, 52, 99, 96, 50, 44, 42, 11, 51, 82, 81, 26, 61, 12, 63, 62, 39, 91, 76, 40, 24, 59, 45, 28, 48, 4, 0, 94, 10, 17, 72, 32, 9, 22, 74, 18, 36, 34, 13, 83, 53, 23, 73], "cluster_sizes": [16, 8, 13, 13, 11, 9, 3, 5, 4, 18], "cluster_labels": ["dog | big", "dog | frisbee", "dog | car window", "dog | dogs", "dog | dogs", "dog | hot", "dog | dog following man horse field", "dog | frisbee", "dog | dog hat person truck", "dog | small"]}