{"gap_distance": 0.011727140587247262, "loss": 3.331583396837041, "cluster_sort_idcs": [8, 27, 90, 56, 29, 75, 35, 87, 43, 2, 48, 21, 38, 69, 57, 73, 74, 28, 12, 97, 89, 92, 98, 86, 22, 15, 23, 24, 58, 52, 46, 78, 32, 42, 13, 50, 79, 70, 1, 3, 64, 4, 49, 72, 14, 26, 20, 19, 71, 94, 67, 91, 66, 84, 85, 60, 59, 96, 99, 54, 5, 6, 9, 10, 18, 30, 33, 34, 40, 31, 53, 47, 65, 51, 25, 11, 63, 62, 81, 55, 76, 61, 37, 39, 17, 16, 93, 7, 95, 41, 44, 83, 82, 80, 77, 45, 36, 68, 88, 0], "cluster_sort_idcs_reverse": [99, 38, 9, 39, 41, 60, 61, 87, 0, 62, 63, 75, 18, 34, 44, 25, 85, 84, 64, 47, 46, 11, 24, 26, 27, 74, 45, 1, 17, 4, 65, 69, 32, 66, 67, 6, 96, 82, 12, 83, 68, 89, 33, 8, 90, 95, 30, 71, 10, 42, 35, 73, 29, 70, 59, 79, 3, 14, 28, 56, 55, 81, 77, 76, 40, 72, 52, 50, 97, 13, 37, 48, 43, 15, 16, 5, 80, 94, 31, 36, 93, 78, 92, 91, 53, 54, 23, 7, 98, 20, 2, 51, 21, 86, 49, 88, 57, 19, 22, 58], "cluster_sizes": [3, 8, 4, 4, 8, 11, 11, 23, 14, 14], "cluster_labels": ["dog | frisbee", "dog | man", "dog | dog truck outside", "dog | large", "dog | frisbee", "dogs | hot", "dog | near", "dog | sitting", "dog | white", "dog | man"]}