{"gap_distance": 0.030896746148570728, "loss": 3.12189591292307, "cluster_sort_idcs": [94, 1, 70, 81, 4, 43, 6, 69, 55, 30, 65, 64, 0, 74, 53, 35, 36, 29, 42, 76, 79, 16, 3, 96, 86, 95, 8, 10, 97, 48, 92, 60, 61, 85, 67, 83, 72, 78, 40, 49, 38, 18, 34, 17, 46, 27, 51, 24, 88, 87, 15, 91, 22, 39, 68, 63, 90, 59, 23, 99, 47, 98, 71, 57, 33, 41, 54, 7, 89, 14, 31, 58, 20, 28, 21, 50, 73, 2, 93, 11, 66, 32, 44, 45, 13, 26, 52, 82, 80, 56, 75, 84, 62, 37, 77, 19, 9, 25, 5, 12], "cluster_sort_idcs_reverse": [12, 1, 77, 22, 4, 98, 6, 67, 26, 96, 27, 79, 99, 84, 69, 50, 21, 43, 41, 95, 72, 74, 52, 58, 47, 97, 85, 45, 73, 17, 9, 70, 81, 64, 42, 15, 16, 93, 40, 53, 38, 65, 18, 5, 82, 83, 44, 60, 29, 39, 75, 46, 86, 14, 66, 8, 89, 63, 71, 57, 31, 32, 92, 55, 11, 10, 80, 34, 54, 7, 2, 62, 36, 76, 13, 90, 19, 94, 37, 20, 88, 3, 87, 35, 91, 33, 24, 49, 48, 68, 56, 51, 30, 78, 0, 25, 23, 28, 61, 59], "cluster_sizes": [10, 18, 16, 4, 14, 2, 3, 10, 15, 8], "cluster_labels": ["dog | car", "dog | small", "dog | dog sitting", "dogs | grass", "dog | frisbee", "dog | elephant running dog mud flat", "dogs | roasting hot dogs outside", "hot | dog", "dog | man", "dog | bed"]}