{"gap_distance": 0.0035865295654604096, "loss": 2.786316332990821, "cluster_sort_idcs": [43, 33, 55, 79, 28, 11, 81, 76, 32, 46, 2, 65, 37, 17, 68, 19, 30, 41, 88, 6, 93, 1, 80, 53, 47, 31, 54, 34, 99, 66, 67, 40, 74, 12, 10, 7, 5, 96, 69, 72, 57, 71, 49, 20, 38, 14, 21, 95, 87, 85, 84, 16, 70, 25, 64, 62, 60, 58, 39, 44, 52, 59, 3, 94, 4, 91, 36, 48, 82, 9, 77, 75, 73, 0, 63, 29, 18, 35, 86, 90, 89, 8, 83, 98, 22, 26, 15, 23, 51, 92, 27, 97, 24, 13, 45, 78, 42, 61, 56, 50], "cluster_sort_idcs_reverse": [73, 21, 10, 62, 64, 36, 19, 35, 81, 69, 34, 5, 33, 93, 45, 86, 51, 13, 76, 15, 43, 46, 84, 87, 92, 53, 85, 90, 4, 75, 16, 25, 8, 1, 27, 77, 66, 12, 44, 58, 31, 17, 96, 0, 59, 94, 9, 24, 67, 42, 99, 88, 60, 23, 26, 2, 98, 40, 57, 61, 56, 97, 55, 74, 54, 11, 29, 30, 14, 38, 52, 41, 39, 72, 32, 71, 7, 70, 95, 3, 22, 6, 68, 82, 50, 49, 78, 48, 18, 80, 79, 65, 89, 20, 63, 47, 37, 91, 83, 28], "cluster_sizes": [2, 12, 9, 15, 9, 14, 17, 10, 4, 8], "cluster_labels": ["dog hat person truck | asian women eating chili dogs standing street", "dog | dog sitting", "dog | man", "dog | bed", "dog | hot", "dog | near", "dog | dog sitting", "dog | frisbee", "dogs | dog sits chair glass", "dog | dogs"]}