{"gap_distance": 0.8770924500984645, "loss": 3.617612220187759, "cluster_sort_idcs": [57, 38, 21, 20, 69, 71, 72, 49, 55, 61, 78, 13, 8, 92, 24, 23, 89, 45, 98, 64, 50, 15, 70, 27, 79, 37, 87, 46, 28, 76, 11, 56, 29, 73, 58, 51, 16, 17, 48, 62, 97, 3, 90, 63, 83, 39, 22, 25, 35, 26, 7, 86, 42, 32, 19, 2, 65, 66, 40, 53, 1, 9, 31, 14, 81, 60, 5, 96, 74, 12, 10, 67, 47, 33, 54, 95, 91, 88, 94, 85, 84, 93, 0, 80, 4, 6, 18, 30, 34, 36, 82, 41, 44, 52, 59, 68, 75, 77, 43, 99], "cluster_sort_idcs_reverse": [82, 60, 55, 41, 84, 66, 85, 50, 12, 61, 70, 30, 69, 11, 63, 21, 36, 37, 86, 54, 3, 2, 46, 15, 14, 47, 49, 23, 28, 32, 87, 62, 53, 73, 88, 48, 89, 25, 1, 45, 58, 91, 52, 98, 92, 17, 27, 72, 38, 7, 20, 35, 93, 59, 74, 8, 31, 0, 34, 94, 65, 9, 39, 43, 19, 56, 57, 71, 95, 4, 22, 5, 6, 33, 68, 96, 29, 97, 10, 24, 83, 64, 90, 44, 80, 79, 51, 26, 77, 16, 42, 76, 13, 81, 78, 75, 67, 40, 18, 99], "cluster_sizes": [2, 6, 4, 12, 8, 22, 2, 9, 10, 25], "cluster_labels": ["dog | elephant running dog mud flat", "dog | hot", "dog | dog cage bed bowl", "dog | dogs", "dog | man", "dog | small", "dog | man christmas tree dog", "dog | dogs", "dog | sitting", "dog | car"]}