{"gap_distance": 0.010038681414975286, "loss": 3.552610530944453, "cluster_sort_idcs": [69, 71, 20, 49, 57, 38, 72, 21, 13, 78, 61, 50, 27, 42, 24, 98, 92, 55, 23, 45, 15, 8, 39, 34, 95, 75, 59, 52, 36, 18, 25, 85, 4, 16, 84, 82, 48, 64, 63, 62, 97, 58, 51, 44, 90, 70, 3, 73, 29, 26, 22, 7, 83, 86, 89, 35, 67, 66, 91, 74, 96, 99, 60, 54, 12, 5, 47, 31, 43, 33, 10, 88, 80, 19, 93, 94, 1, 9, 6, 0, 30, 77, 68, 41, 81, 28, 53, 2, 65, 40, 46, 11, 79, 32, 87, 76, 14, 17, 37, 56], "cluster_sort_idcs_reverse": [79, 76, 87, 46, 32, 65, 78, 51, 21, 77, 70, 91, 64, 8, 96, 20, 33, 97, 29, 73, 2, 7, 50, 18, 14, 30, 49, 12, 85, 48, 80, 67, 93, 69, 23, 55, 28, 98, 5, 22, 89, 83, 13, 68, 43, 19, 90, 66, 36, 3, 11, 42, 27, 86, 63, 17, 99, 4, 41, 26, 62, 10, 39, 38, 37, 88, 57, 56, 82, 0, 45, 1, 6, 47, 59, 25, 95, 81, 9, 92, 72, 84, 35, 52, 34, 31, 53, 94, 71, 54, 44, 58, 16, 74, 75, 24, 60, 40, 15, 61], "cluster_sizes": [3, 5, 3, 11, 14, 20, 15, 13, 6, 10], "cluster_labels": ["dog | dog truck outside", "dog | dog sitting", "dog | dog cage bed bowl", "dog | dogs", "dog | black", "dog | hot", "dog | dogs", "dog | car window", "dog | chili dog bun", "dog | dogs"]}