{"gap_distance": 0.2707520127296448, "loss": 3.912022352218628, "cluster_sort_idcs": [23, 28, 24, 29, 22, 21, 20, 19, 18, 17, 30, 31, 32, 33, 26, 27, 34, 35, 36, 37, 38, 39, 40, 41, 48, 43, 44, 45, 49, 46, 50, 47, 53, 54, 55, 56, 57, 58, 51, 61, 62, 63, 64, 65, 66, 67, 52, 60, 0, 7, 3, 4, 5, 6, 2, 10, 9, 12, 13, 14, 15, 16, 11, 1, 78, 79, 80, 77, 74, 81, 82, 83, 76, 75, 69, 73, 72, 71, 70, 68, 8, 59, 25, 42, 92, 97, 96, 95, 94, 93, 91, 98, 89, 88, 87, 86, 85, 84, 90, 99], "cluster_sort_idcs_reverse": [48, 63, 54, 50, 51, 52, 53, 49, 80, 56, 55, 62, 57, 58, 59, 60, 61, 9, 8, 7, 6, 5, 4, 0, 2, 82, 14, 15, 1, 3, 10, 11, 12, 13, 16, 17, 18, 19, 20, 21, 22, 23, 83, 25, 26, 27, 29, 31, 24, 28, 30, 38, 46, 32, 33, 34, 35, 36, 37, 81, 47, 39, 40, 41, 42, 43, 44, 45, 79, 74, 78, 77, 76, 75, 68, 73, 72, 67, 64, 65, 66, 69, 70, 71, 97, 96, 95, 94, 93, 92, 98, 90, 84, 89, 88, 87, 86, 85, 91, 99], "cluster_sizes": [16, 16, 16, 16, 16, 4, 16], "cluster_labels": ["painting | carolingian painting shows figure man holding flag francisco zurbaran polycount renaissance da vinci academic art detailed painting", "painting | carolingian painting shows figure man holding flag francisco zurbaran polycount renaissance da vinci academic art detailed painting", "painting | carolingian painting shows figure man holding flag francisco zurbaran polycount renaissance da vinci academic art detailed painting", "painting | carolingian painting shows figure man holding flag francisco zurbaran polycount renaissance da vinci academic art detailed painting", "painting | carolingian painting shows figure man holding flag francisco zurbaran polycount renaissance da vinci academic art detailed painting", "painting | carolingian painting shows figure man holding flag francisco zurbaran polycount renaissance da vinci academic art detailed painting", "painting | carolingian painting shows figure man holding flag francisco zurbaran polycount renaissance da vinci academic art detailed painting"]}