{"gap_distance": 0.15355972945690155, "loss": 3.912022352218628, "cluster_sort_idcs": [49, 50, 48, 47, 46, 45, 44, 43, 41, 40, 39, 37, 36, 35, 34, 38, 63, 62, 64, 65, 66, 67, 61, 58, 56, 55, 54, 53, 52, 51, 57, 60, 78, 82, 68, 69, 70, 71, 72, 73, 74, 75, 79, 83, 77, 76, 80, 81, 28, 32, 33, 27, 26, 24, 31, 23, 22, 21, 20, 19, 18, 17, 30, 29, 93, 84, 85, 86, 87, 88, 89, 90, 97, 96, 95, 91, 92, 94, 99, 98, 1, 2, 3, 4, 5, 6, 7, 10, 9, 12, 13, 14, 15, 16, 11, 0, 59, 8, 25, 42], "cluster_sort_idcs_reverse": [95, 80, 81, 82, 83, 84, 85, 86, 97, 88, 87, 94, 89, 90, 91, 92, 93, 61, 60, 59, 58, 57, 56, 55, 53, 98, 52, 51, 48, 63, 62, 54, 49, 50, 14, 13, 12, 11, 15, 10, 9, 8, 99, 7, 6, 5, 4, 3, 2, 0, 1, 29, 28, 27, 26, 25, 24, 30, 23, 96, 31, 22, 17, 16, 18, 19, 20, 21, 34, 35, 36, 37, 38, 39, 40, 41, 45, 44, 32, 42, 46, 47, 33, 43, 65, 66, 67, 68, 69, 70, 71, 75, 76, 64, 77, 74, 73, 72, 79, 78], "cluster_sizes": [16, 16, 16, 16, 16, 16, 4], "cluster_labels": ["painting | carolingian painting shows figure man holding flag francisco zurbaran polycount renaissance da vinci academic art detailed painting", "painting | carolingian painting shows figure man holding flag francisco zurbaran polycount renaissance da vinci academic art detailed painting", "painting | carolingian painting shows figure man holding flag francisco zurbaran polycount renaissance da vinci academic art detailed painting", "painting | carolingian painting shows figure man holding flag francisco zurbaran polycount renaissance da vinci academic art detailed painting", "painting | carolingian painting shows figure man holding flag francisco zurbaran polycount renaissance da vinci academic art detailed painting", "painting | carolingian painting shows figure man holding flag francisco zurbaran polycount renaissance da vinci academic art detailed painting", "painting | carolingian painting shows figure man holding flag francisco zurbaran polycount renaissance da vinci academic art detailed painting"]}