{"gap_distance": 0.9193748235702515, "loss": 3.912022352218628, "cluster_sort_idcs": [0, 16, 15, 13, 12, 11, 10, 9, 14, 7, 6, 5, 4, 3, 2, 1, 65, 64, 63, 51, 52, 53, 56, 55, 62, 57, 58, 66, 54, 67, 61, 60, 31, 17, 18, 19, 20, 21, 22, 23, 24, 26, 27, 28, 29, 30, 32, 33, 97, 95, 94, 93, 85, 84, 90, 96, 89, 88, 87, 86, 91, 92, 99, 98, 50, 34, 35, 36, 37, 38, 39, 40, 41, 43, 44, 45, 49, 48, 47, 46, 8, 25, 59, 42, 77, 68, 69, 70, 71, 72, 73, 74, 75, 83, 82, 80, 79, 78, 76, 81], "cluster_sort_idcs_reverse": [0, 15, 14, 13, 12, 11, 10, 9, 80, 7, 6, 5, 4, 3, 8, 2, 1, 33, 34, 35, 36, 37, 38, 39, 40, 81, 41, 42, 43, 44, 45, 32, 46, 47, 65, 66, 67, 68, 69, 70, 71, 72, 83, 73, 74, 75, 79, 78, 77, 76, 64, 19, 20, 21, 28, 23, 22, 25, 26, 82, 31, 30, 24, 18, 17, 16, 27, 29, 85, 86, 87, 88, 89, 90, 91, 92, 98, 84, 97, 96, 95, 99, 94, 93, 53, 52, 59, 58, 57, 56, 54, 60, 61, 51, 50, 49, 55, 48, 63, 62], "cluster_sizes": [16, 16, 16, 16, 16, 4, 16], "cluster_labels": ["painting | carolingian painting shows figure man holding flag francisco zurbaran polycount renaissance da vinci academic art detailed painting", "painting | carolingian painting shows figure man holding flag francisco zurbaran polycount renaissance da vinci academic art detailed painting", "painting | carolingian painting shows figure man holding flag francisco zurbaran polycount renaissance da vinci academic art detailed painting", "painting | carolingian painting shows figure man holding flag francisco zurbaran polycount renaissance da vinci academic art detailed painting", "painting | carolingian painting shows figure man holding flag francisco zurbaran polycount renaissance da vinci academic art detailed painting", "painting | carolingian painting shows figure man holding flag francisco zurbaran polycount renaissance da vinci academic art detailed painting", "painting | carolingian painting shows figure man holding flag francisco zurbaran polycount renaissance da vinci academic art detailed painting"]}