{"gap_distance": 0.00791839300615196, "loss": 0.7711419902579663, "cluster_sort_idcs": [23, 91, 41, 4, 98, 19, 65, 49, 6, 89, 69, 60, 31, 55, 53, 51, 90, 38, 33, 95, 58, 39, 0, 99, 96, 56, 62, 85, 78, 93, 15, 5, 82, 79, 42, 7, 2, 59, 52, 50, 43, 88, 21, 16, 26, 28, 40, 17, 8, 66, 68, 75, 20, 81, 34, 86, 87, 3, 92, 80, 22, 71, 35, 45, 14, 12, 97, 46, 30, 32, 77, 76, 54, 37, 57, 10, 73, 36, 61, 18, 70, 63, 24, 1, 94, 25, 44, 64, 72, 27, 48, 11, 29, 84, 83, 67, 13, 9, 47, 74], "cluster_sort_idcs_reverse": [22, 83, 36, 57, 3, 31, 8, 35, 48, 97, 75, 91, 65, 96, 64, 30, 43, 47, 79, 5, 52, 42, 60, 0, 82, 85, 44, 89, 45, 92, 68, 12, 69, 18, 54, 62, 77, 73, 17, 21, 46, 2, 34, 40, 86, 63, 67, 98, 90, 7, 39, 15, 38, 14, 72, 13, 25, 74, 20, 37, 11, 78, 26, 81, 87, 6, 49, 95, 50, 10, 80, 61, 88, 76, 99, 51, 71, 70, 28, 33, 59, 53, 32, 94, 93, 27, 55, 56, 41, 9, 16, 1, 58, 29, 84, 19, 24, 66, 4, 23], "cluster_sizes": [5, 6, 10, 3, 2, 5, 17, 18, 14, 20], "cluster_labels": ["tennis | zebras fighting cloud dust", "large building clock | fork cutting piece cake", "horses | people", "group people | man holding stuff standing curb", "parked motorcycle sitting dirty road | women playing game nintendo wii controller", "semi truck driving street | man preforming trick disk toy", "people | tennis", "man | standing", "man | black", "women | grass"]}