{"gap_distance": 0.0018474912673610122, "loss": 0.9608530017355714, "cluster_sort_idcs": [98, 34, 41, 43, 23, 50, 91, 4, 72, 54, 45, 80, 73, 84, 66, 32, 81, 77, 35, 12, 10, 18, 92, 5, 26, 17, 24, 59, 16, 31, 7, 14, 68, 57, 60, 74, 65, 48, 9, 67, 63, 44, 13, 25, 29, 70, 76, 37, 83, 21, 96, 2, 79, 88, 28, 40, 58, 82, 51, 33, 47, 30, 87, 6, 75, 71, 90, 69, 20, 55, 95, 85, 62, 42, 8, 78, 93, 0, 99, 56, 53, 52, 46, 39, 38, 36, 64, 19, 15, 61, 97, 1, 3, 94, 89, 22, 27, 86, 11, 49], "cluster_sort_idcs_reverse": [77, 91, 51, 92, 7, 23, 63, 30, 74, 38, 20, 98, 19, 42, 31, 88, 28, 25, 21, 87, 68, 49, 95, 4, 26, 43, 24, 96, 54, 44, 61, 29, 15, 59, 1, 18, 85, 47, 84, 83, 55, 2, 73, 3, 41, 10, 82, 60, 37, 99, 5, 58, 81, 80, 9, 69, 79, 33, 56, 27, 34, 89, 72, 40, 86, 36, 14, 39, 32, 67, 45, 65, 8, 12, 35, 64, 46, 17, 75, 52, 11, 16, 57, 48, 13, 71, 97, 62, 53, 94, 66, 6, 22, 76, 93, 70, 50, 90, 0, 78], "cluster_sizes": [9, 14, 3, 8, 14, 13, 10, 5, 13, 11], "cluster_labels": ["tennis | man", "man | horse", "horse standing grass fenced area | polar bear partially submerged body water", "horses | hydrant road", "animals | grass", "people | sitting", "tall | yellow", "semi truck driving street | baby brown bear standing rock", "people | wii", "women | horses"]}