{"gap_distance": 0.013291385338693975, "loss": 3.589190772577733, "cluster_sort_idcs": [18, 45, 79, 16, 32, 19, 44, 89, 27, 10, 86, 81, 95, 39, 57, 48, 98, 55, 80, 24, 91, 64, 17, 50, 53, 56, 9, 69, 42, 61, 68, 37, 67, 36, 35, 65, 15, 7, 34, 94, 21, 12, 8, 28, 93, 70, 5, 43, 23, 47, 14, 13, 46, 6, 96, 78, 88, 33, 52, 90, 22, 25, 41, 76, 73, 99, 38, 63, 60, 31, 29, 26, 11, 4, 97, 77, 85, 84, 49, 74, 2, 20, 30, 59, 1, 3, 92, 40, 51, 54, 58, 87, 62, 66, 83, 82, 71, 72, 75, 0], "cluster_sort_idcs_reverse": [99, 84, 80, 85, 73, 46, 53, 37, 42, 26, 9, 72, 41, 51, 50, 36, 3, 22, 0, 5, 81, 40, 60, 48, 19, 61, 71, 8, 43, 70, 82, 69, 4, 57, 38, 34, 33, 31, 66, 13, 87, 62, 28, 47, 6, 1, 52, 49, 15, 78, 23, 88, 58, 24, 89, 17, 25, 14, 90, 83, 68, 29, 92, 67, 21, 35, 93, 32, 30, 27, 45, 96, 97, 64, 79, 98, 63, 75, 55, 2, 18, 11, 95, 94, 77, 76, 10, 91, 56, 7, 59, 20, 86, 44, 39, 12, 54, 74, 16, 65], "cluster_sizes": [4, 12, 2, 10, 19, 6, 13, 10, 8, 16], "cluster_labels": ["cat | bed", "cake | group", "view mountains window jet airplane | bunch birds flying couple waves near ocean", "tennis | man", "white | bear", "hydrant | road", "bus | man", "grass | field", "riding | wave", "people | group"]}