{"gap_distance": 0.6840258286462448, "loss": 3.6279705726959124, "cluster_sort_idcs": [62, 71, 50, 24, 91, 17, 0, 98, 54, 57, 58, 40, 66, 51, 87, 3, 92, 27, 44, 39, 83, 36, 37, 93, 61, 35, 42, 55, 95, 1, 5, 34, 32, 21, 7, 81, 70, 8, 16, 10, 18, 19, 86, 79, 94, 65, 76, 75, 73, 68, 59, 74, 99, 52, 20, 28, 15, 30, 12, 80, 2, 85, 72, 69, 82, 53, 89, 9, 45, 56, 48, 64, 84, 11, 4, 97, 77, 49, 26, 29, 31, 63, 38, 60, 47, 14, 46, 13, 23, 43, 78, 96, 6, 88, 90, 33, 67, 25, 41, 22], "cluster_sort_idcs_reverse": [6, 29, 60, 15, 74, 30, 92, 34, 37, 67, 39, 73, 58, 87, 85, 56, 38, 5, 40, 41, 54, 33, 99, 88, 3, 97, 78, 17, 55, 79, 57, 80, 32, 95, 31, 25, 21, 22, 82, 19, 11, 98, 26, 89, 18, 68, 86, 84, 70, 77, 2, 13, 53, 65, 8, 27, 69, 9, 10, 50, 83, 24, 0, 81, 71, 45, 12, 96, 49, 63, 36, 1, 62, 48, 51, 47, 46, 76, 90, 43, 59, 35, 64, 20, 72, 61, 42, 14, 93, 66, 94, 4, 16, 23, 44, 28, 91, 75, 7, 52], "cluster_sizes": [6, 11, 3, 24, 15, 3, 10, 12, 6, 10], "cluster_labels": ["tennis | court", "people | beach", "group | women", "white | cat", "man | riding", "man preforming trick disk toy | game outdoor fair called ball bog", "table | people", "horse | grass", "hydrant | road", "yellow | sitting"]}