{"gap_distance": 0.2424127898359128, "loss": 3.912023005428147, "cluster_sort_idcs": [25, 42, 8, 59, 72, 71, 70, 69, 68, 67, 66, 65, 64, 62, 73, 61, 60, 58, 57, 56, 55, 54, 53, 63, 74, 0, 75, 97, 96, 95, 94, 93, 92, 91, 90, 89, 88, 52, 87, 85, 84, 83, 82, 81, 80, 79, 78, 77, 76, 86, 51, 49, 98, 21, 20, 19, 18, 17, 16, 15, 14, 13, 22, 12, 10, 9, 7, 6, 5, 4, 3, 2, 1, 11, 23, 24, 26, 48, 47, 46, 45, 44, 43, 41, 40, 39, 38, 37, 36, 35, 34, 33, 32, 31, 30, 29, 28, 27, 50, 99], "cluster_sort_idcs_reverse": [25, 72, 71, 70, 69, 68, 67, 66, 2, 65, 64, 73, 63, 61, 60, 59, 58, 57, 56, 55, 54, 53, 62, 74, 75, 0, 76, 97, 96, 95, 94, 93, 92, 91, 90, 89, 88, 87, 86, 85, 84, 83, 1, 82, 81, 80, 79, 78, 77, 51, 98, 50, 37, 22, 21, 20, 19, 18, 17, 3, 16, 15, 13, 23, 12, 11, 10, 9, 8, 7, 6, 5, 4, 14, 24, 26, 48, 47, 46, 45, 44, 43, 42, 41, 40, 39, 49, 38, 36, 35, 34, 33, 32, 31, 30, 29, 28, 27, 52, 99], "cluster_sizes": [4, 96], "cluster_labels": ["flat earth conspiracy katsuhiro otomo tex avery otto dix jan svankmejer highly detailed hyperrealistic claymation", "flat earth conspiracy katsuhiro otomo tex avery otto dix jan svankmejer highly detailed hyperrealistic claymation"]}