{"gap_distance": 0.7917889356613159, "loss": 3.912022352218628, "cluster_sort_idcs": [68, 70, 71, 72, 73, 74, 75, 76, 77, 78, 79, 80, 81, 82, 83, 69, 0, 1, 2, 3, 4, 5, 6, 7, 9, 10, 11, 12, 13, 15, 14, 16, 17, 30, 29, 18, 19, 20, 21, 32, 22, 23, 24, 26, 31, 33, 28, 27, 97, 96, 95, 85, 86, 87, 88, 89, 91, 92, 93, 94, 84, 90, 99, 98, 48, 34, 35, 36, 37, 38, 39, 40, 41, 43, 44, 45, 46, 47, 50, 49, 59, 8, 25, 42, 64, 65, 66, 67, 61, 60, 52, 58, 57, 56, 55, 54, 53, 62, 51, 63], "cluster_sort_idcs_reverse": [16, 17, 18, 19, 20, 21, 22, 23, 81, 24, 25, 26, 27, 28, 30, 29, 31, 32, 35, 36, 37, 38, 40, 41, 42, 82, 43, 47, 46, 34, 33, 44, 39, 45, 65, 66, 67, 68, 69, 70, 71, 72, 83, 73, 74, 75, 76, 77, 64, 79, 78, 98, 90, 96, 95, 94, 93, 92, 91, 80, 89, 88, 97, 99, 84, 85, 86, 87, 0, 15, 1, 2, 3, 4, 5, 6, 7, 8, 9, 10, 11, 12, 13, 14, 60, 51, 52, 53, 54, 55, 61, 56, 57, 58, 59, 50, 49, 48, 63, 62], "cluster_sizes": [16, 16, 16, 16, 16, 4, 16], "cluster_labels": ["feet | corgi oil canvas baroque style gilded frame feet wide feet tall rembrandt", "feet | corgi oil canvas baroque style gilded frame feet wide feet tall rembrandt", "feet | corgi oil canvas baroque style gilded frame feet wide feet tall rembrandt", "feet | corgi oil canvas baroque style gilded frame feet wide feet tall rembrandt", "feet | corgi oil canvas baroque style gilded frame feet wide feet tall rembrandt", "feet | corgi oil canvas baroque style gilded frame feet wide feet tall rembrandt", "feet | corgi oil canvas baroque style gilded frame feet wide feet tall rembrandt"]}