{"gap_distance": 1.0374095439910889, "loss": 3.912022352218628, "cluster_sort_idcs": [97, 96, 95, 94, 93, 92, 91, 90, 89, 88, 87, 86, 85, 84, 99, 98, 0, 9, 16, 15, 14, 13, 12, 11, 10, 1, 7, 6, 5, 4, 3, 2, 33, 17, 31, 18, 32, 20, 21, 22, 23, 19, 26, 27, 28, 30, 29, 24, 76, 70, 71, 72, 73, 74, 77, 69, 78, 79, 80, 81, 82, 75, 68, 67, 65, 58, 52, 63, 62, 61, 60, 64, 57, 56, 55, 54, 53, 51, 25, 8, 59, 42, 34, 35, 36, 37, 38, 39, 46, 49, 41, 43, 44, 45, 47, 48, 50, 40, 66, 83], "cluster_sort_idcs_reverse": [16, 25, 31, 30, 29, 28, 27, 26, 79, 17, 24, 23, 22, 21, 20, 19, 18, 33, 35, 41, 37, 38, 39, 40, 47, 78, 42, 43, 44, 46, 45, 34, 36, 32, 82, 83, 84, 85, 86, 87, 97, 90, 81, 91, 92, 93, 88, 94, 95, 89, 96, 77, 66, 76, 75, 74, 73, 72, 65, 80, 70, 69, 68, 67, 71, 64, 98, 63, 62, 55, 49, 50, 51, 52, 53, 61, 48, 54, 56, 57, 58, 59, 60, 99, 13, 12, 11, 10, 9, 8, 7, 6, 5, 4, 3, 2, 1, 0, 15, 14], "cluster_sizes": [14, 2, 16, 16, 15, 15, 4, 16, 1, 1], "cluster_labels": ["feet | corgi oil canvas baroque style gilded frame feet wide feet tall rembrandt", "feet | corgi oil canvas baroque style gilded frame feet wide feet tall rembrandt", "feet | corgi oil canvas baroque style gilded frame feet wide feet tall rembrandt", "feet | corgi oil canvas baroque style gilded frame feet wide feet tall rembrandt", "feet | corgi oil canvas baroque style gilded frame feet wide feet tall rembrandt", "feet | corgi oil canvas baroque style gilded frame feet wide feet tall rembrandt", "feet | corgi oil canvas baroque style gilded frame feet wide feet tall rembrandt", "feet | corgi oil canvas baroque style gilded frame feet wide feet tall rembrandt", "feet | corgi oil canvas baroque style gilded frame feet wide feet tall rembrandt", "feet | corgi oil canvas baroque style gilded frame feet wide feet tall rembrandt"]}