{"gap_distance": 0.09230084717273712, "loss": 3.912022352218628, "cluster_sort_idcs": [19, 27, 26, 30, 24, 23, 22, 21, 20, 31, 18, 17, 32, 33, 29, 28, 85, 86, 87, 88, 89, 90, 91, 92, 93, 94, 95, 96, 97, 84, 99, 98, 43, 50, 47, 46, 45, 44, 48, 41, 49, 39, 34, 35, 36, 40, 38, 37, 1, 2, 3, 14, 5, 6, 7, 9, 10, 11, 12, 13, 4, 0, 16, 15, 42, 25, 8, 59, 80, 82, 81, 79, 78, 77, 76, 70, 74, 73, 72, 71, 69, 68, 75, 63, 64, 65, 51, 52, 53, 67, 56, 55, 57, 58, 60, 61, 54, 62, 66, 83], "cluster_sort_idcs_reverse": [61, 48, 49, 50, 60, 52, 53, 54, 66, 55, 56, 57, 58, 59, 51, 63, 62, 11, 10, 0, 8, 7, 6, 5, 4, 65, 2, 1, 15, 14, 3, 9, 12, 13, 42, 43, 44, 47, 46, 41, 45, 39, 64, 32, 37, 36, 35, 34, 38, 40, 33, 86, 87, 88, 96, 91, 90, 92, 93, 67, 94, 95, 97, 83, 84, 85, 98, 89, 81, 80, 75, 79, 78, 77, 76, 82, 74, 73, 72, 71, 68, 70, 69, 99, 29, 16, 17, 18, 19, 20, 21, 22, 23, 24, 25, 26, 27, 28, 31, 30], "cluster_sizes": [16, 14, 2, 16, 16, 4, 15, 15, 1, 1], "cluster_labels": ["feet | corgi oil canvas baroque style gilded frame feet wide feet tall rembrandt", "feet | corgi oil canvas baroque style gilded frame feet wide feet tall rembrandt", "feet | corgi oil canvas baroque style gilded frame feet wide feet tall rembrandt", "feet | corgi oil canvas baroque style gilded frame feet wide feet tall rembrandt", "feet | corgi oil canvas baroque style gilded frame feet wide feet tall rembrandt", "feet | corgi oil canvas baroque style gilded frame feet wide feet tall rembrandt", "feet | corgi oil canvas baroque style gilded frame feet wide feet tall rembrandt", "feet | corgi oil canvas baroque style gilded frame feet wide feet tall rembrandt", "feet | corgi oil canvas baroque style gilded frame feet wide feet tall rembrandt", "feet | corgi oil canvas baroque style gilded frame feet wide feet tall rembrandt"]}