{"gap_distance": 0.1473148763179779, "loss": 3.9120224714279175, "cluster_sort_idcs": [13, 22, 31, 4, 99, 98, 56, 72, 71, 54, 70, 69, 68, 67, 66, 65, 64, 73, 63, 62, 61, 60, 59, 58, 57, 55, 74, 76, 53, 97, 96, 95, 94, 93, 92, 91, 90, 89, 88, 87, 86, 85, 84, 83, 82, 81, 80, 79, 78, 77, 75, 52, 0, 50, 23, 21, 20, 19, 18, 17, 16, 15, 14, 24, 12, 10, 9, 8, 7, 6, 5, 3, 2, 1, 11, 51, 25, 27, 48, 47, 46, 45, 44, 43, 42, 41, 40, 26, 39, 37, 36, 35, 34, 33, 32, 30, 29, 28, 38, 49], "cluster_sort_idcs_reverse": [52, 73, 72, 71, 3, 70, 69, 68, 67, 66, 65, 74, 64, 0, 62, 61, 60, 59, 58, 57, 56, 55, 1, 54, 63, 76, 87, 77, 97, 96, 95, 2, 94, 93, 92, 91, 90, 89, 98, 88, 86, 85, 84, 83, 82, 81, 80, 79, 78, 99, 53, 75, 51, 28, 9, 25, 6, 24, 23, 22, 21, 20, 19, 18, 16, 15, 14, 13, 12, 11, 10, 8, 7, 17, 26, 50, 27, 49, 48, 47, 46, 45, 44, 43, 42, 41, 40, 39, 38, 37, 36, 35, 34, 33, 32, 31, 30, 29, 5, 4], "cluster_sizes": [4, 2, 94], "cluster_labels": ["ink drawing hokusai guinea pig", "ink drawing hokusai guinea pig", "ink drawing hokusai guinea pig"]}