{"gap_distance": 0.01603881215742408, "loss": 3.8492087844219665, "cluster_sort_idcs": [29, 78, 77, 75, 35, 81, 36, 74, 16, 39, 14, 86, 72, 42, 89, 9, 8, 91, 66, 94, 65, 96, 30, 28, 69, 55, 99, 87, 23, 80, 61, 97, 54, 62, 63, 51, 50, 95, 48, 92, 68, 6, 70, 27, 41, 12, 82, 18, 20, 33, 22, 24, 25, 43, 58, 79, 83, 73, 60, 0, 45, 34, 21, 38, 46, 31, 52, 5, 26, 11, 32, 71, 40, 85, 90, 19, 93, 59, 10, 57, 44, 67, 56, 1, 84, 3, 4, 49, 17, 13, 2, 53, 37, 64, 76, 88, 47, 15, 7, 98], "cluster_sort_idcs_reverse": [59, 83, 90, 85, 86, 67, 41, 98, 16, 15, 78, 69, 45, 89, 10, 97, 8, 88, 47, 75, 48, 62, 50, 28, 51, 52, 68, 43, 23, 0, 22, 65, 70, 49, 61, 4, 6, 92, 63, 9, 72, 44, 13, 53, 80, 60, 64, 96, 38, 87, 36, 35, 66, 91, 32, 25, 82, 79, 54, 77, 58, 30, 33, 34, 93, 20, 18, 81, 40, 24, 42, 71, 12, 57, 7, 3, 94, 2, 1, 55, 29, 5, 46, 56, 84, 73, 11, 27, 95, 14, 74, 17, 39, 76, 19, 37, 21, 31, 99, 26], "cluster_sizes": [24, 6, 25, 13, 1, 4, 10, 4, 4, 9], "cluster_labels": ["C:C:C", "C:C:C:CNC", "CC(:C:C):C:C:C", "C:C:C:C", "CCOc1ccc2nc(NC(=O)c3ccc(OC)c(c3)S(=O)(=O)N3CCOCC3)sc2c1", "CC1CCCCC1", "C:C:C:C:C:C:N", "CC:N:CC1:C:C:C:C:C:1", "C:C:C:C:C:CN", "C:C:C:C:CC:N"]}