{"gap_distance": 0.3172885847124666, "loss": 3.84861305506562, "cluster_sort_idcs": [70, 1, 3, 4, 6, 66, 94, 84, 40, 11, 45, 69, 51, 75, 29, 74, 14, 91, 42, 39, 30, 65, 28, 43, 33, 77, 52, 67, 16, 15, 93, 56, 57, 59, 60, 53, 98, 47, 64, 35, 5, 7, 10, 68, 18, 88, 37, 85, 86, 46, 32, 73, 76, 81, 87, 80, 72, 78, 89, 95, 97, 83, 49, 99, 62, 8, 9, 17, 20, 23, 24, 63, 27, 31, 34, 25, 54, 41, 61, 58, 48, 50, 55, 36, 96, 12, 92, 90, 0, 21, 22, 82, 71, 44, 19, 13, 79, 2, 38, 26], "cluster_sort_idcs_reverse": [88, 1, 97, 2, 3, 40, 4, 41, 65, 66, 42, 9, 85, 95, 16, 29, 28, 67, 44, 94, 68, 89, 90, 69, 70, 75, 99, 72, 22, 14, 20, 73, 50, 24, 74, 39, 83, 46, 98, 19, 8, 77, 18, 23, 93, 10, 49, 37, 80, 62, 81, 12, 26, 35, 76, 82, 31, 32, 79, 33, 34, 78, 64, 71, 38, 21, 5, 27, 43, 11, 0, 92, 56, 51, 15, 13, 52, 25, 57, 96, 55, 53, 91, 61, 7, 47, 48, 54, 45, 58, 87, 17, 86, 30, 6, 59, 84, 60, 36, 63], "cluster_sizes": [8, 2, 12, 14, 3, 14, 31, 11, 4, 1], "cluster_labels": ["CC:C:C:C:C:C", "CCC1CCCCC1OC=O", "CC(:C):C:C", "C1:C:C:C:C:C:1", "C:C:C:C:CC(:C):N:C", "C:C:C:C:C", "C1:C:C:C:C:C:1", "CN:C:C:C", "C:C:C:C:C:CC:N", "CCOc1ccc2nc(NC(=O)c3ccc(OC)c(c3)S(=O)(=O)N3CCOCC3)sc2c1"]}