{"gap_distance": 0.035487202025106794, "loss": 3.757177105293356, "cluster_sort_idcs": [99, 29, 57, 19, 4, 67, 52, 84, 5, 93, 28, 83, 46, 45, 79, 73, 38, 70, 72, 39, 77, 80, 92, 20, 36, 31, 8, 75, 98, 26, 61, 24, 74, 63, 43, 42, 41, 51, 40, 59, 27, 35, 68, 69, 53, 23, 17, 11, 91, 94, 55, 88, 96, 97, 64, 0, 12, 2, 15, 3, 44, 10, 22, 33, 25, 13, 82, 86, 14, 54, 21, 16, 66, 65, 37, 60, 48, 90, 9, 7, 6, 89, 87, 95, 1, 56, 81, 78, 76, 18, 71, 30, 32, 34, 62, 47, 58, 50, 85, 49], "cluster_sort_idcs_reverse": [55, 84, 57, 59, 4, 8, 80, 79, 26, 78, 61, 47, 56, 65, 68, 58, 71, 46, 89, 3, 23, 70, 62, 45, 31, 64, 29, 40, 10, 1, 91, 25, 92, 63, 93, 41, 24, 74, 16, 19, 38, 36, 35, 34, 60, 13, 12, 95, 76, 99, 97, 37, 6, 44, 69, 50, 85, 2, 96, 39, 75, 30, 94, 33, 54, 73, 72, 5, 42, 43, 17, 90, 18, 15, 32, 27, 88, 20, 87, 14, 21, 86, 66, 11, 7, 98, 67, 82, 51, 81, 77, 48, 22, 9, 49, 83, 52, 53, 28, 0], "cluster_sizes": [4, 4, 5, 4, 6, 10, 18, 15, 13, 21], "cluster_labels": ["CN:C1:C:C:C:C:C:1", "C:C:C:C:C:CC:N:CC", "CC1:C:C:C:C:C:1", "C:C:C:C:C:C:CC:N:C:C", "C1:C:C:C:C:C:1", "CC1:C:C:C:C:C:1", "C:C:C:C", "C:C:C:N", "CN:C:C:C:C", "C1CCCCC1"]}