{"gap_distance": 0.42427926921697695, "loss": 3.7588528366368186, "cluster_sort_idcs": [73, 38, 79, 45, 46, 84, 67, 93, 4, 5, 52, 16, 69, 68, 53, 23, 11, 91, 36, 27, 71, 32, 33, 85, 34, 58, 87, 47, 89, 12, 10, 6, 1, 22, 29, 19, 48, 65, 50, 62, 49, 37, 7, 95, 76, 18, 9, 86, 56, 30, 78, 21, 81, 88, 64, 96, 97, 59, 0, 55, 25, 35, 17, 15, 40, 13, 28, 42, 8, 44, 51, 3, 2, 43, 66, 94, 98, 14, 90, 54, 60, 82, 24, 99, 57, 75, 41, 63, 61, 26, 80, 20, 77, 39, 74, 92, 72, 70, 83, 31], "cluster_sort_idcs_reverse": [58, 32, 72, 71, 8, 9, 31, 42, 68, 46, 30, 16, 29, 65, 77, 63, 11, 62, 45, 35, 91, 51, 33, 15, 82, 60, 89, 19, 66, 34, 49, 99, 21, 22, 24, 61, 18, 41, 1, 93, 64, 86, 67, 73, 69, 3, 4, 27, 36, 40, 38, 70, 10, 14, 79, 59, 48, 84, 25, 57, 80, 88, 39, 87, 54, 37, 74, 6, 13, 12, 97, 20, 96, 0, 94, 85, 44, 92, 50, 2, 90, 52, 81, 98, 5, 23, 47, 26, 53, 28, 78, 17, 95, 7, 75, 43, 55, 56, 76, 83], "cluster_sizes": [4, 7, 7, 16, 2, 17, 21, 8, 7, 11], "cluster_labels": ["C:C:C:C:C:C:CC:N:C:C", "CC1:C:C:C:C:C:1", "C:C:C:C", "CC1:C:C:C:C:C:1", "C:N(CC):C1:C:C:C:C:C:1", "CCCCNC", "C:C:C", "CN:C:C:C:C", "CC:C:C:C:C:C", "C1:C:C:C:C:C:1"]}