{"gap_distance": 0.004711416737401321, "loss": 1.6800540631337362, "cluster_sort_idcs": [80, 17, 15, 12, 52, 34, 33, 32, 29, 27, 42, 23, 86, 35, 36, 11, 97, 66, 61, 62, 5, 9, 10, 7, 81, 89, 24, 63, 84, 83, 82, 76, 37, 95, 47, 41, 71, 99, 4, 22, 69, 92, 38, 2, 96, 94, 72, 58, 56, 55, 93, 68, 88, 31, 40, 90, 26, 25, 77, 6, 78, 79, 57, 46, 73, 48, 59, 75, 70, 0, 65, 1, 8, 13, 19, 21, 50, 28, 51, 60, 54, 64, 39, 3, 67, 85, 53, 87, 14, 16, 49, 44, 43, 98, 18, 74, 30, 45, 91, 20], "cluster_sort_idcs_reverse": [69, 71, 43, 83, 38, 20, 59, 23, 72, 21, 22, 15, 3, 73, 88, 2, 89, 1, 94, 74, 99, 75, 39, 11, 26, 57, 56, 9, 77, 8, 96, 53, 7, 6, 5, 13, 14, 32, 42, 82, 54, 35, 10, 92, 91, 97, 63, 34, 65, 90, 76, 78, 4, 86, 80, 49, 48, 62, 47, 66, 79, 18, 19, 27, 81, 70, 17, 84, 51, 40, 68, 36, 46, 64, 95, 67, 31, 58, 60, 61, 0, 24, 30, 29, 28, 85, 12, 87, 52, 25, 55, 98, 41, 50, 45, 33, 44, 16, 93, 37], "cluster_sizes": [5, 18, 12, 7, 17, 9, 13, 9, 3, 7], "cluster_labels": ["trending | greg", "detailed | painting", "portrait | art", "portrait | man", "art | columbo", "fauvism | impressionism", "cat | cat cat", "detailed | traditional", "epic | render", "painting | impressionism"]}