{"gap_distance": 1.1471277475357056, "loss": 3.912022352218628, "cluster_sort_idcs": [16, 49, 83, 15, 14, 13, 12, 11, 10, 0, 7, 6, 5, 4, 3, 2, 1, 9, 54, 51, 52, 53, 55, 56, 57, 60, 61, 62, 63, 64, 65, 67, 58, 43, 50, 48, 47, 46, 45, 41, 44, 39, 38, 37, 36, 35, 34, 40, 17, 18, 19, 20, 21, 22, 23, 26, 24, 28, 29, 30, 31, 32, 27, 82, 95, 84, 85, 86, 87, 88, 91, 90, 81, 92, 94, 96, 93, 97, 89, 80, 8, 78, 25, 42, 98, 59, 68, 79, 70, 69, 72, 73, 74, 75, 76, 77, 71, 99, 33, 66], "cluster_sort_idcs_reverse": [9, 16, 15, 14, 13, 12, 11, 10, 80, 17, 8, 7, 6, 5, 4, 3, 0, 48, 49, 50, 51, 52, 53, 54, 56, 82, 55, 62, 57, 58, 59, 60, 61, 98, 46, 45, 44, 43, 42, 41, 47, 39, 83, 33, 40, 38, 37, 36, 35, 1, 34, 19, 20, 21, 18, 22, 23, 24, 32, 85, 25, 26, 27, 28, 29, 30, 99, 31, 86, 89, 88, 96, 90, 91, 92, 93, 94, 95, 81, 87, 79, 72, 63, 2, 65, 66, 67, 68, 69, 78, 71, 70, 73, 76, 74, 64, 75, 77, 84, 97], "cluster_sizes": [1, 1, 1, 15, 15, 15, 15, 35, 1, 1], "cluster_labels": ["portrait | artstation", "portrait | artstation", "portrait | artstation", "portrait | artstation", "portrait | artstation", "portrait | artstation", "portrait | artstation", "portrait | artstation", "portrait | artstation", "portrait | artstation"]}