{"gap_distance": 0.14790795743465424, "loss": 3.912022352218628, "cluster_sort_idcs": [29, 27, 26, 30, 24, 23, 22, 21, 20, 19, 18, 17, 31, 32, 28, 73, 81, 80, 79, 78, 77, 76, 75, 74, 68, 69, 70, 71, 82, 72, 0, 12, 7, 9, 10, 11, 13, 5, 6, 4, 14, 3, 2, 1, 15, 57, 56, 55, 54, 53, 60, 61, 67, 58, 62, 63, 64, 65, 51, 52, 96, 97, 84, 85, 86, 87, 88, 89, 90, 92, 93, 94, 95, 91, 99, 59, 8, 25, 34, 35, 36, 37, 38, 39, 41, 40, 43, 44, 45, 46, 47, 48, 98, 50, 42, 33, 16, 83, 49, 66], "cluster_sort_idcs_reverse": [30, 43, 42, 41, 39, 37, 38, 32, 76, 33, 34, 35, 31, 36, 40, 44, 96, 11, 10, 9, 8, 7, 6, 5, 4, 77, 2, 1, 14, 0, 3, 12, 13, 95, 78, 79, 80, 81, 82, 83, 85, 84, 94, 86, 87, 88, 89, 90, 91, 98, 93, 58, 59, 49, 48, 47, 46, 45, 53, 75, 50, 51, 54, 55, 56, 57, 99, 52, 24, 25, 26, 27, 29, 15, 23, 22, 21, 20, 19, 18, 17, 16, 28, 97, 62, 63, 64, 65, 66, 67, 68, 73, 69, 70, 71, 72, 60, 61, 92, 74], "cluster_sizes": [15, 15, 15, 15, 35, 1, 1, 1, 1, 1], "cluster_labels": ["portrait | artstation", "portrait | artstation", "portrait | artstation", "portrait | artstation", "portrait | artstation", "portrait | artstation", "portrait | artstation", "portrait | artstation", "portrait | artstation", "portrait | artstation"]}