{"gap_distance": 0.2596224546432495, "loss": 3.912022352218628, "cluster_sort_idcs": [23, 33, 32, 31, 30, 29, 28, 27, 26, 24, 22, 21, 20, 18, 17, 19, 51, 67, 66, 65, 64, 63, 62, 52, 60, 61, 58, 57, 56, 55, 54, 53, 45, 40, 43, 48, 41, 44, 39, 49, 37, 36, 35, 34, 50, 46, 38, 47, 0, 7, 3, 4, 5, 6, 2, 10, 9, 12, 13, 14, 15, 16, 11, 1, 78, 79, 80, 77, 74, 81, 82, 83, 76, 75, 69, 73, 72, 71, 70, 68, 8, 59, 25, 42, 92, 97, 96, 95, 94, 93, 91, 98, 89, 88, 87, 86, 85, 84, 90, 99], "cluster_sort_idcs_reverse": [48, 63, 54, 50, 51, 52, 53, 49, 80, 56, 55, 62, 57, 58, 59, 60, 61, 14, 13, 15, 12, 11, 10, 0, 9, 82, 8, 7, 6, 5, 4, 3, 2, 1, 43, 42, 41, 40, 46, 38, 33, 36, 83, 34, 37, 32, 45, 47, 35, 39, 44, 16, 23, 31, 30, 29, 28, 27, 26, 81, 24, 25, 22, 21, 20, 19, 18, 17, 79, 74, 78, 77, 76, 75, 68, 73, 72, 67, 64, 65, 66, 69, 70, 71, 97, 96, 95, 94, 93, 92, 98, 90, 84, 89, 88, 87, 86, 85, 91, 99], "cluster_sizes": [16, 16, 16, 16, 16, 4, 16], "cluster_labels": ["portrait | artstation", "portrait | artstation", "portrait | artstation", "portrait | artstation", "portrait | artstation", "portrait | artstation", "portrait | artstation"]}