{"gap_distance": 0.9762633442878723, "loss": 3.912022352218628, "cluster_sort_idcs": [0, 15, 14, 13, 12, 10, 9, 11, 6, 5, 4, 3, 2, 1, 7, 32, 26, 31, 30, 29, 28, 27, 24, 23, 22, 21, 20, 19, 18, 17, 51, 52, 53, 54, 55, 56, 57, 61, 60, 62, 63, 67, 65, 64, 58, 50, 48, 38, 46, 47, 35, 36, 37, 39, 40, 34, 43, 44, 45, 41, 93, 81, 82, 84, 85, 86, 87, 88, 90, 97, 96, 95, 94, 92, 91, 80, 89, 79, 99, 77, 8, 25, 42, 98, 59, 78, 69, 68, 71, 72, 73, 74, 75, 76, 70, 83, 49, 33, 66, 16], "cluster_sort_idcs_reverse": [0, 13, 12, 11, 10, 9, 8, 14, 80, 6, 5, 7, 4, 3, 2, 1, 99, 29, 28, 27, 26, 25, 24, 23, 22, 81, 16, 21, 20, 19, 18, 17, 15, 97, 55, 50, 51, 52, 47, 53, 54, 59, 82, 56, 57, 58, 48, 49, 46, 96, 45, 30, 31, 32, 33, 34, 35, 36, 44, 84, 38, 37, 39, 40, 43, 42, 98, 41, 87, 86, 94, 88, 89, 90, 91, 92, 93, 79, 85, 77, 75, 61, 62, 95, 63, 64, 65, 66, 67, 76, 68, 74, 73, 60, 72, 71, 70, 69, 83, 78], "cluster_sizes": [15, 15, 15, 15, 35, 1, 1, 1, 1, 1], "cluster_labels": ["portrait | artstation", "portrait | artstation", "portrait | artstation", "portrait | artstation", "portrait | artstation", "portrait | artstation", "portrait | artstation", "portrait | artstation", "portrait | artstation", "portrait | artstation"]}