{"gap_distance": 0.22883948683738708, "loss": 3.912022352218628, "cluster_sort_idcs": [23, 28, 24, 29, 22, 21, 20, 19, 18, 17, 30, 31, 32, 27, 26, 33, 34, 35, 36, 37, 38, 39, 40, 41, 48, 43, 44, 45, 47, 46, 50, 49, 70, 71, 72, 73, 74, 75, 68, 77, 78, 79, 80, 81, 82, 69, 76, 83, 0, 10, 6, 11, 12, 13, 14, 15, 5, 4, 3, 2, 1, 9, 7, 84, 87, 88, 89, 90, 91, 92, 93, 94, 95, 96, 97, 86, 85, 98, 42, 25, 51, 52, 53, 54, 55, 56, 57, 58, 59, 60, 61, 62, 63, 64, 65, 67, 8, 99, 16, 66], "cluster_sort_idcs_reverse": [48, 60, 59, 58, 57, 56, 50, 62, 96, 61, 49, 51, 52, 53, 54, 55, 98, 9, 8, 7, 6, 5, 4, 0, 2, 79, 14, 13, 1, 3, 10, 11, 12, 15, 16, 17, 18, 19, 20, 21, 22, 23, 78, 25, 26, 27, 29, 28, 24, 31, 30, 80, 81, 82, 83, 84, 85, 86, 87, 88, 89, 90, 91, 92, 93, 94, 99, 95, 38, 45, 32, 33, 34, 35, 36, 37, 46, 39, 40, 41, 42, 43, 44, 47, 63, 76, 75, 64, 65, 66, 67, 68, 69, 70, 71, 72, 73, 74, 77, 97], "cluster_sizes": [15, 1, 15, 1, 15, 1, 15, 35, 1, 1], "cluster_labels": ["portrait | artstation", "portrait | artstation", "portrait | artstation", "portrait | artstation", "portrait | artstation", "portrait | artstation", "portrait | artstation", "portrait | artstation", "portrait | artstation", "portrait | artstation"]}