{"gap_distance": 0.9863815307617188, "loss": 3.912022352218628, "cluster_sort_idcs": [60, 67, 61, 65, 63, 62, 51, 64, 53, 54, 55, 56, 57, 58, 52, 66, 32, 31, 29, 28, 27, 26, 24, 30, 22, 21, 20, 19, 18, 17, 23, 50, 48, 47, 46, 45, 44, 43, 41, 40, 49, 38, 37, 36, 35, 34, 39, 97, 96, 95, 94, 93, 92, 84, 90, 89, 85, 86, 87, 91, 88, 99, 98, 82, 81, 79, 78, 77, 76, 75, 74, 73, 80, 71, 70, 69, 68, 72, 1, 2, 3, 4, 5, 6, 7, 8, 9, 10, 12, 13, 14, 42, 59, 25, 15, 11, 0, 83, 33, 16], "cluster_sort_idcs_reverse": [96, 78, 79, 80, 81, 82, 83, 84, 85, 86, 87, 95, 88, 89, 90, 94, 99, 29, 28, 27, 26, 25, 24, 30, 22, 93, 21, 20, 19, 18, 23, 17, 16, 98, 45, 44, 43, 42, 41, 46, 39, 38, 91, 37, 36, 35, 34, 33, 32, 40, 31, 6, 14, 8, 9, 10, 11, 12, 13, 92, 0, 2, 5, 4, 7, 3, 15, 1, 76, 75, 74, 73, 77, 71, 70, 69, 68, 67, 66, 65, 72, 64, 63, 97, 53, 56, 57, 58, 60, 55, 54, 59, 52, 51, 50, 49, 48, 47, 62, 61], "cluster_sizes": [15, 1, 15, 16, 16, 15, 19, 1, 1, 1], "cluster_labels": ["portrait | artstation", "portrait | artstation", "portrait | artstation", "portrait | artstation", "portrait | artstation", "portrait | artstation", "portrait | artstation", "portrait | artstation", "portrait | artstation", "portrait | artstation"]}