{"gap_distance": {"audio_image": 0.6844899275524431, "text_image": 0.876292816992076, "text_audio": 0.7458446635745786}, "loss": {"audio_image": 3.7037110545737204, "text_image": 3.815758442215615, "text_audio": 3.805993391119964}, "clusters": {"audio_audio": {"cluster_sort_idcs": [52, 2, 89, 15, 77, 33, 67, 79, 80, 85, 43, 22, 81, 27, 75, 36, 23, 18, 40, 51, 84, 94, 71, 24, 57, 88, 11, 19, 44, 69, 98, 42, 53, 54, 70, 66, 74, 72, 73, 0, 38, 5, 6, 7, 93, 9, 39, 13, 92, 17, 87, 25, 26, 29, 61, 76, 14, 60, 95, 97, 65, 49, 56, 55, 20, 50, 47, 28, 30, 35, 62, 4, 12, 16, 86, 34, 31, 41, 37, 68, 46, 58, 45, 83, 21, 3, 8, 82, 1, 96, 63, 10, 90, 64, 78, 32, 48, 59, 91, 99], "cluster_sort_idcs_reverse": [39, 88, 1, 85, 71, 41, 42, 43, 86, 45, 91, 26, 72, 47, 56, 3, 73, 49, 17, 27, 64, 84, 11, 16, 23, 51, 52, 13, 67, 53, 68, 76, 95, 5, 75, 69, 15, 78, 40, 46, 18, 77, 31, 10, 28, 82, 80, 66, 96, 61, 65, 19, 0, 32, 33, 63, 62, 24, 81, 97, 57, 54, 70, 90, 93, 60, 35, 6, 79, 29, 34, 22, 37, 38, 36, 14, 55, 4, 94, 7, 8, 12, 87, 83, 20, 9, 74, 50, 25, 2, 92, 98, 48, 44, 21, 58, 89, 59, 30, 99], "cluster_sizes": [3, 9, 8, 4, 4, 30, 12, 13, 4, 13], "cluster_labels": ["dog | animal", "horse | animal", "horse | bird", "music | speech animal", "dog | domestic animals pets", "domestic animals pets | dog", "animal | bird", "bird | bird bird", "bird | bird bird", "bird | bird bird"]}, "audio_image": {"cluster_sort_idcs": [24, 23, 94, 88, 60, 58, 84, 42, 67, 65, 52, 48, 43, 89, 35, 79, 96, 2, 10, 1, 64, 63, 27, 21, 78, 56, 85, 40, 51, 90, 22, 32, 80, 15, 18, 36, 77, 81, 75, 50, 99, 91, 71, 33, 4, 82, 55, 86, 97, 59, 68, 46, 45, 83, 8, 37, 31, 62, 70, 69, 74, 16, 3, 14, 20, 95, 12, 92, 26, 61, 28, 41, 9, 87, 7, 98, 5, 34, 47, 93, 0, 73, 72, 57, 54, 53, 11, 39, 38, 76, 29, 25, 19, 17, 13, 6, 30, 66, 44, 49], "cluster_sort_idcs_reverse": [80, 19, 17, 62, 44, 76, 95, 74, 54, 72, 18, 86, 66, 94, 63, 33, 61, 93, 34, 92, 64, 23, 30, 1, 0, 91, 68, 22, 70, 90, 96, 56, 31, 43, 77, 14, 35, 55, 88, 87, 27, 71, 7, 12, 98, 52, 51, 78, 11, 99, 39, 28, 10, 85, 84, 46, 25, 83, 5, 49, 4, 69, 57, 21, 20, 9, 97, 8, 50, 59, 58, 42, 82, 81, 60, 38, 89, 36, 24, 15, 32, 37, 45, 53, 6, 26, 47, 73, 3, 13, 29, 41, 67, 79, 2, 65, 16, 48, 75, 40], "cluster_sizes": [3, 5, 10, 7, 14, 5, 14, 21, 16, 5], "cluster_labels": ["music | horse music neigh whinny speech animal", "domestic animals pets | cat domestic animals pets meow", "animal | horse", "bird | bird bird", "horse | animal", "bird | speech", "bird | bird bird", "cat | domestic animals pets", "dog | domestic animals pets", "dog | animal"]}, "audio_text": {"cluster_sort_idcs": [34, 47, 42, 20, 74, 26, 33, 16, 84, 14, 61, 12, 88, 9, 28, 7, 98, 5, 92, 3, 41, 95, 87, 69, 70, 17, 76, 13, 89, 38, 6, 39, 44, 50, 52, 0, 54, 57, 60, 66, 72, 93, 53, 73, 49, 11, 29, 19, 30, 25, 4, 37, 91, 90, 8, 10, 68, 86, 83, 78, 1, 97, 21, 23, 45, 99, 64, 46, 31, 62, 55, 27, 59, 58, 63, 85, 56, 94, 80, 77, 48, 18, 43, 71, 24, 79, 36, 40, 96, 2, 82, 35, 32, 15, 65, 81, 75, 67, 51, 22], "cluster_sort_idcs_reverse": [35, 60, 89, 19, 50, 17, 30, 15, 54, 13, 55, 45, 11, 27, 9, 93, 7, 25, 81, 47, 3, 62, 99, 63, 84, 49, 5, 71, 14, 46, 48, 68, 92, 6, 0, 91, 86, 51, 29, 31, 87, 20, 2, 82, 32, 64, 67, 1, 80, 44, 33, 98, 34, 42, 36, 70, 76, 37, 73, 72, 38, 10, 69, 74, 66, 94, 39, 97, 56, 23, 24, 83, 40, 43, 4, 96, 26, 79, 59, 85, 78, 95, 90, 58, 8, 75, 57, 22, 12, 28, 53, 52, 18, 41, 77, 21, 88, 61, 16, 65], "cluster_sizes": [24, 1, 2, 6, 17, 2, 22, 1, 12, 13], "cluster_labels": ["cat | domestic animals pets", "cat purr speech", "speech dog | domestic animals pets", "dog | animal", "dog | domestic animals pets", "bird | bird bird", "bird | bird bird", "bird white noise outside urban manmade", "horse | speech", "horse | animal"]}, "image_audio": {"cluster_sort_idcs": [26, 42, 70, 14, 47, 5, 98, 7, 69, 9, 61, 54, 0, 25, 29, 44, 53, 66, 17, 13, 72, 73, 74, 76, 6, 93, 39, 38, 65, 56, 50, 78, 95, 97, 41, 49, 34, 3, 16, 30, 12, 28, 20, 36, 18, 33, 15, 43, 71, 24, 79, 94, 11, 87, 88, 92, 57, 60, 84, 19, 4, 86, 68, 67, 23, 62, 46, 58, 45, 37, 31, 27, 83, 89, 64, 91, 2, 96, 1, 90, 82, 99, 52, 59, 35, 21, 55, 8, 10, 63, 40, 80, 75, 85, 51, 32, 77, 48, 22, 81], "cluster_sort_idcs_reverse": [12, 78, 76, 37, 60, 5, 24, 7, 87, 9, 88, 52, 40, 19, 3, 46, 38, 18, 44, 59, 42, 85, 98, 64, 49, 13, 0, 71, 41, 14, 39, 70, 95, 45, 36, 84, 43, 69, 27, 26, 90, 34, 1, 47, 15, 68, 66, 4, 97, 35, 30, 94, 82, 16, 11, 86, 29, 56, 67, 83, 57, 10, 65, 89, 74, 28, 17, 63, 62, 8, 2, 48, 20, 21, 22, 92, 23, 96, 31, 50, 91, 99, 80, 72, 58, 93, 61, 53, 54, 73, 79, 75, 55, 25, 51, 32, 77, 33, 6, 81], "cluster_sizes": [11, 17, 15, 5, 4, 8, 12, 18, 5, 5], "cluster_labels": ["cat | domestic animals pets", "dog | domestic animals pets", "animal | domestic animals pets", "horse | animal", "horse | music", "domestic animals pets | dog", "bird | bird bird", "bird | bird bird", "horse | animal", "horse | animal"]}, "image_image": {"cluster_sort_idcs": [58, 88, 30, 34, 38, 39, 41, 44, 47, 98, 50, 57, 0, 66, 69, 70, 72, 73, 74, 76, 87, 92, 95, 29, 26, 49, 12, 13, 25, 11, 19, 20, 14, 7, 9, 5, 3, 6, 16, 8, 68, 78, 83, 86, 4, 55, 1, 99, 27, 45, 31, 21, 46, 37, 48, 84, 79, 33, 71, 65, 2, 91, 52, 89, 96, 61, 28, 23, 94, 81, 82, 36, 97, 59, 63, 10, 51, 22, 15, 85, 18, 77, 75, 43, 35, 56, 67, 40, 80, 32, 93, 24, 64, 60, 54, 53, 17, 42, 90, 62], "cluster_sort_idcs_reverse": [12, 46, 60, 36, 44, 35, 37, 33, 39, 34, 75, 29, 26, 27, 32, 78, 38, 96, 80, 30, 31, 51, 77, 67, 91, 28, 24, 48, 66, 23, 2, 50, 89, 57, 3, 84, 71, 53, 4, 5, 87, 6, 97, 83, 7, 49, 52, 8, 54, 25, 10, 76, 62, 95, 94, 45, 85, 11, 0, 73, 93, 65, 99, 74, 92, 59, 13, 86, 40, 14, 15, 58, 16, 17, 18, 82, 19, 81, 41, 56, 88, 69, 70, 42, 55, 79, 43, 20, 1, 63, 98, 61, 21, 90, 68, 22, 64, 72, 9, 47], "cluster_sizes": [2, 37, 15, 11, 2, 2, 3, 4, 14, 10], "cluster_labels": ["bird squawk speech | cat domestic animals pets meow animal", "domestic animals pets | dog", "bird | bird bird", "animal | horse", "cat purr domestic animals pets animal", "music | bird music duck", "horse | horse neigh whinny", "bird | bird bird", "horse | animal", "bird | dog"]}, "image_text": {"cluster_sort_idcs": [99, 68, 64, 62, 83, 59, 55, 46, 45, 37, 90, 91, 27, 21, 78, 1, 8, 4, 10, 97, 58, 63, 86, 23, 31, 20, 5, 14, 41, 3, 7, 70, 74, 87, 88, 98, 47, 92, 16, 95, 42, 61, 12, 28, 84, 34, 33, 69, 26, 9, 79, 2, 75, 65, 81, 80, 15, 51, 18, 43, 96, 22, 32, 56, 85, 94, 24, 71, 67, 82, 36, 77, 40, 48, 35, 11, 44, 39, 89, 0, 49, 72, 60, 57, 54, 13, 52, 6, 17, 19, 93, 25, 73, 30, 76, 50, 53, 66, 29, 38], "cluster_sort_idcs_reverse": [79, 15, 51, 29, 17, 26, 87, 30, 16, 49, 18, 75, 42, 85, 27, 56, 38, 88, 58, 89, 25, 13, 61, 23, 66, 91, 48, 12, 43, 98, 93, 24, 62, 46, 45, 74, 70, 9, 99, 77, 72, 28, 40, 59, 76, 8, 7, 36, 73, 80, 95, 57, 86, 96, 84, 6, 63, 83, 20, 5, 82, 41, 3, 21, 2, 53, 97, 68, 1, 47, 31, 67, 81, 92, 32, 52, 94, 71, 14, 50, 55, 54, 69, 4, 44, 64, 22, 33, 34, 78, 10, 11, 37, 90, 65, 39, 60, 19, 35, 0], "cluster_sizes": [20, 2, 3, 7, 18, 14, 11, 3, 9, 13], "cluster_labels": ["bird | bird bird", "bird | bird squawk speech", "bird | duck", "cat | domestic animals pets meow", "cat | domestic animals pets", "horse | animal", "horse | speech", "dog | domestic animals pets", "dog | dog animal", "dog | domestic animals pets"]}, "text_audio": {"cluster_sort_idcs": [43, 36, 57, 19, 18, 15, 86, 23, 63, 67, 64, 3, 59, 45, 46, 1, 31, 58, 27, 10, 21, 99, 8, 68, 83, 12, 62, 91, 97, 84, 2, 90, 82, 35, 34, 75, 87, 80, 60, 79, 88, 71, 39, 40, 11, 96, 33, 92, 24, 77, 48, 51, 32, 85, 22, 81, 41, 4, 20, 78, 37, 55, 42, 5, 7, 47, 9, 98, 70, 69, 14, 16, 95, 28, 61, 26, 89, 93, 94, 0, 74, 6, 13, 17, 25, 29, 30, 38, 44, 50, 52, 53, 54, 56, 65, 66, 72, 73, 76, 49],