{"gap_distance": 0.8135454303738534, "loss": 0.30306759630738733, "cluster_sort_idcs": [72, 30, 32, 36, 18, 48, 50, 54, 65, 25, 24, 73, 75, 77, 6, 92, 97, 10, 61, 86, 39, 89, 94, 0, 49, 22, 1, 3, 11, 15, 19, 99, 62, 85, 78, 95, 90, 87, 71, 69, 55, 20, 38, 56, 53, 12, 8, 80, 66, 43, 35, 84, 81, 98, 4, 41, 23, 91, 34, 17, 74, 68, 82, 7, 37, 28, 76, 64, 31, 44, 45, 46, 26, 33, 29, 2, 67, 93, 40, 57, 59, 60, 13, 63, 21, 14, 5, 42, 58, 52, 51, 16, 88, 79, 9, 27, 96, 47, 83, 70], "cluster_sort_idcs_reverse": [23, 26, 75, 27, 54, 86, 14, 63, 46, 94, 17, 28, 45, 82, 85, 29, 91, 59, 4, 30, 41, 84, 25, 56, 10, 9, 72, 95, 65, 74, 1, 68, 2, 73, 58, 50, 3, 64, 42, 20, 78, 55, 87, 49, 69, 70, 71, 97, 5, 24, 6, 90, 89, 44, 7, 40, 43, 79, 88, 80, 81, 18, 32, 83, 67, 8, 48, 76, 61, 39, 99, 38, 0, 11, 60, 12, 66, 13, 34, 93, 47, 52, 62, 98, 51, 33, 19, 37, 92, 21, 36, 57, 15, 77, 22, 35, 96, 16, 53, 31], "cluster_sizes": [18, 14, 3, 7, 3, 8, 6, 28, 5, 8], "cluster_labels": ["man | tennis", "people | woman", "semi truck driving street | man preforming trick disk toy", "playing | yellow train tracks cars", "wii | playing", "standing | dark cat hiding laptop", "tennis | zebras fighting cloud dust", "people | animals", "walking | dogs cat sleeping human bed", "women | red"]}