{"gap_distance": 0.04088031241119384, "loss": 3.1548266344824656, "cluster_sort_idcs": [20, 41, 23, 98, 96, 27, 42, 62, 26, 36, 39, 48, 0, 25, 64, 67, 72, 73, 77, 80, 84, 92, 53, 54, 99, 6, 18, 17, 22, 1, 89, 87, 3, 75, 74, 71, 69, 65, 49, 19, 30, 82, 38, 24, 28, 81, 59, 83, 7, 32, 12, 68, 31, 50, 5, 45, 44, 43, 79, 21, 40, 2, 8, 76, 78, 70, 60, 35, 85, 88, 90, 55, 52, 13, 93, 95, 46, 15, 66, 91, 4, 34, 29, 37, 9, 63, 58, 57, 51, 14, 47, 16, 33, 10, 86, 61, 56, 11, 94, 97], "cluster_sort_idcs_reverse": [12, 29, 61, 32, 80, 54, 25, 48, 62, 84, 93, 97, 50, 73, 89, 77, 91, 27, 26, 39, 0, 59, 28, 2, 43, 13, 8, 5, 44, 82, 40, 52, 49, 92, 81, 67, 9, 83, 42, 10, 60, 1, 6, 57, 56, 55, 76, 90, 11, 38, 53, 88, 72, 22, 23, 71, 96, 87, 86, 46, 66, 95, 7, 85, 14, 37, 78, 15, 51, 36, 65, 35, 16, 17, 34, 33, 63, 18, 64, 58, 19, 45, 41, 47, 20, 68, 94, 31, 69, 30, 70, 79, 21, 74, 98, 75, 4, 99, 3, 24], "cluster_sizes": [2, 2, 4, 20, 13, 22, 16, 3, 12, 6], "cluster_labels": ["man surfboard riding wave | busy city intersection clogged bike traffic", "different hydrants painted various colors | bunch birds flying couple waves near ocean", "group | women", "man | people", "men | people", "people | tennis", "cars | street", "tennis | zebras fighting cloud dust", "grass | men", "smart phone | giraffes trees standing"]}