{"gap_distance": 0.002344255199491345, "loss": 0.43475939516972606, "cluster_sort_idcs": [23, 98, 91, 4, 41, 34, 71, 87, 20, 75, 69, 28, 29, 30, 74, 64, 24, 36, 37, 57, 56, 53, 67, 59, 47, 21, 19, 76, 16, 15, 77, 79, 88, 48, 10, 82, 83, 7, 6, 73, 93, 81, 80, 66, 54, 0, 99, 45, 8, 12, 39, 18, 46, 35, 32, 96, 92, 2, 85, 84, 14, 72, 68, 25, 62, 52, 63, 40, 38, 50, 86, 42, 9, 78, 3, 43, 70, 22, 58, 51, 33, 90, 55, 60, 13, 95, 44, 31, 97, 49, 61, 65, 89, 5, 17, 26, 1, 94, 27, 11], "cluster_sort_idcs_reverse": [45, 96, 57, 74, 3, 93, 38, 37, 48, 72, 34, 99, 49, 84, 60, 29, 28, 94, 51, 26, 8, 25, 77, 0, 16, 63, 95, 98, 11, 12, 13, 87, 54, 80, 5, 53, 17, 18, 68, 50, 67, 4, 71, 75, 86, 47, 52, 24, 33, 89, 69, 79, 65, 21, 44, 82, 20, 19, 78, 23, 83, 90, 64, 66, 15, 91, 43, 22, 62, 10, 76, 6, 61, 39, 14, 9, 27, 30, 73, 31, 42, 41, 35, 36, 59, 58, 70, 7, 32, 92, 81, 2, 56, 40, 97, 85, 55, 88, 1, 46], "cluster_sizes": [6, 4, 29, 16, 14, 9, 3, 7, 5, 7], "cluster_labels": ["tennis | zebras fighting cloud dust", "man surfboard riding wave | people standing snowy mountain", "sitting | white", "man | people", "man | people", "men | road", "man sitting group motorcycles | bus stuck traffic busy highway", "horses | yellow train tracks cars", "large building clock | couple horses fence field", "women | standing"]}