{"gap_distance": 0.29027731724635897, "loss": 2.631680006919943, "cluster_sort_idcs": [41, 98, 91, 34, 4, 23, 71, 75, 20, 87, 81, 48, 37, 36, 53, 88, 56, 59, 30, 29, 28, 64, 82, 69, 67, 21, 19, 79, 74, 16, 15, 6, 83, 76, 77, 80, 93, 54, 46, 66, 73, 0, 99, 32, 12, 8, 18, 39, 35, 38, 92, 2, 40, 62, 14, 85, 24, 57, 84, 7, 45, 68, 47, 10, 43, 9, 86, 3, 96, 78, 72, 22, 70, 25, 50, 52, 63, 42, 51, 33, 58, 44, 95, 90, 55, 60, 13, 31, 61, 89, 65, 97, 49, 5, 11, 27, 1, 94, 26, 17], "cluster_sort_idcs_reverse": [41, 96, 51, 67, 4, 93, 31, 59, 45, 65, 63, 94, 44, 86, 54, 30, 29, 99, 46, 26, 8, 25, 71, 5, 56, 73, 98, 95, 20, 19, 18, 87, 43, 79, 3, 48, 13, 12, 49, 47, 52, 0, 77, 64, 81, 60, 38, 62, 11, 92, 74, 78, 75, 14, 37, 84, 16, 57, 80, 17, 85, 88, 53, 76, 21, 90, 39, 24, 61, 23, 72, 6, 70, 40, 28, 7, 33, 34, 69, 27, 35, 10, 22, 32, 58, 55, 66, 9, 15, 89, 83, 2, 50, 36, 97, 82, 68, 91, 1, 42], "cluster_sizes": [6, 4, 25, 14, 15, 14, 3, 7, 5, 7], "cluster_labels": ["tennis | zebras fighting cloud dust", "man surfboard riding wave | people standing snowy mountain", "white | sitting", "man | people", "men | man", "road | men", "man sitting group motorcycles | bus stuck traffic busy highway", "horses | yellow train tracks cars", "large building clock | couple horses fence field", "women | standing"]}