{"gap_distance": 0.25222809519269446, "loss": 2.9037809996040718, "cluster_sort_idcs": [49, 48, 29, 25, 24, 96, 56, 63, 64, 65, 89, 13, 19, 67, 84, 74, 72, 83, 44, 70, 9, 33, 31, 51, 58, 60, 12, 55, 90, 95, 35, 81, 52, 68, 50, 92, 85, 78, 62, 43, 14, 77, 18, 97, 54, 94, 27, 11, 61, 32, 8, 73, 1, 10, 69, 71, 6, 75, 20, 87, 22, 86, 30, 3, 36, 93, 53, 16, 15, 59, 46, 38, 7, 5, 82, 88, 2, 79, 40, 21, 57, 26, 28, 47, 37, 42, 76, 17, 0, 39, 99, 66, 98, 91, 45, 41, 34, 23, 4, 80], "cluster_sort_idcs_reverse": [88, 52, 76, 63, 98, 73, 56, 72, 50, 20, 53, 47, 26, 11, 40, 68, 67, 87, 42, 12, 58, 79, 60, 97, 4, 3, 81, 46, 82, 2, 62, 22, 49, 21, 96, 30, 64, 84, 71, 89, 78, 95, 85, 39, 18, 94, 70, 83, 1, 0, 34, 23, 32, 66, 44, 27, 6, 80, 24, 69, 25, 48, 38, 7, 8, 9, 91, 13, 33, 54, 19, 55, 16, 51, 15, 57, 86, 41, 37, 77, 99, 31, 74, 17, 14, 36, 61, 59, 75, 10, 28, 93, 35, 65, 45, 29, 5, 43, 92, 90], "cluster_sizes": [21, 5, 5, 10, 13, 10, 9, 15, 3, 9], "cluster_labels": ["large | riding", "horses | people", "dark cat hiding laptop | yellow train tracks cars", "man | road", "brown | women", "men | playing", "kids standing playing wii | zebras grazing grassy area", "people | standing", "group people | man holding stuff standing curb", "flying | tennis"]}