{"gap_distance": 0.8727249720225012, "loss": 3.4047879616584673, "cluster_sort_idcs": [0, 97, 94, 89, 61, 56, 53, 39, 27, 19, 15, 49, 99, 1, 11, 14, 57, 16, 17, 7, 59, 68, 31, 26, 83, 40, 88, 29, 2, 82, 96, 21, 5, 28, 79, 67, 25, 70, 48, 74, 9, 63, 65, 76, 60, 37, 32, 24, 18, 10, 13, 44, 85, 75, 87, 71, 3, 69, 90, 95, 86, 55, 30, 20, 6, 22, 58, 51, 33, 42, 47, 62, 8, 78, 93, 43, 91, 4, 41, 46, 23, 72, 98, 50, 54, 64, 77, 34, 92, 80, 36, 38, 84, 81, 45, 73, 52, 66, 35, 12], "cluster_sort_idcs_reverse": [0, 13, 28, 56, 77, 32, 64, 19, 72, 40, 49, 14, 99, 50, 15, 10, 17, 18, 48, 9, 63, 31, 65, 80, 47, 36, 23, 8, 33, 27, 62, 22, 46, 68, 87, 98, 90, 45, 91, 7, 25, 78, 69, 75, 51, 94, 79, 70, 38, 11, 83, 67, 96, 6, 84, 61, 5, 16, 66, 20, 44, 4, 71, 41, 85, 42, 97, 35, 21, 57, 37, 55, 81, 95, 39, 53, 43, 86, 73, 34, 89, 93, 29, 24, 92, 52, 60, 54, 26, 3, 58, 76, 88, 74, 2, 59, 30, 1, 82, 12], "cluster_sizes": [15, 9, 11, 7, 10, 14, 5, 3, 14, 12], "cluster_labels": ["group | women", "horses | black white", "people | white", "riding | table bananas", "large | large building clock", "men | man", "sitting | man sitting group motorcycles", "semi truck driving street | baby brown bear standing rock", "tennis | man", "man | area"]}