{"gap_distance": 0.26759204520904295, "loss": 3.912023004932379, "cluster_sort_idcs": [99, 98, 25, 8, 42, 59, 71, 70, 69, 68, 67, 65, 64, 63, 62, 60, 72, 58, 57, 56, 55, 54, 53, 52, 61, 73, 96, 51, 95, 94, 93, 92, 91, 90, 89, 88, 87, 97, 86, 84, 82, 81, 80, 79, 78, 77, 76, 75, 85, 74, 0, 48, 21, 20, 19, 18, 17, 16, 15, 14, 13, 22, 12, 10, 9, 7, 6, 5, 4, 3, 2, 1, 11, 50, 23, 26, 47, 46, 45, 44, 43, 41, 40, 39, 38, 37, 24, 36, 34, 33, 32, 31, 30, 29, 28, 27, 35, 49, 83, 66], "cluster_sort_idcs_reverse": [50, 71, 70, 69, 68, 67, 66, 65, 3, 64, 63, 72, 62, 60, 59, 58, 57, 56, 55, 54, 53, 52, 61, 74, 86, 2, 75, 95, 94, 93, 92, 91, 90, 89, 88, 96, 87, 85, 84, 83, 82, 81, 4, 80, 79, 78, 77, 76, 51, 97, 73, 27, 23, 22, 21, 20, 19, 18, 17, 5, 15, 24, 14, 13, 12, 11, 99, 10, 9, 8, 7, 6, 16, 25, 49, 47, 46, 45, 44, 43, 42, 41, 40, 98, 39, 48, 38, 36, 35, 34, 33, 32, 31, 30, 29, 28, 26, 37, 1, 0], "cluster_sizes": [2, 4, 92, 1, 1], "cluster_labels": ["flat earth conspiracy katsuhiro otomo tex avery otto dix jan svankmejer highly detailed hyperrealistic claymation", "flat earth conspiracy katsuhiro otomo tex avery otto dix jan svankmejer highly detailed hyperrealistic claymation", "flat earth conspiracy katsuhiro otomo tex avery otto dix jan svankmejer highly detailed hyperrealistic claymation", "flat earth conspiracy katsuhiro otomo tex avery otto dix jan svankmejer highly detailed hyperrealistic claymation", "flat earth conspiracy katsuhiro otomo tex avery otto dix jan svankmejer highly detailed hyperrealistic claymation"]}