{"original_distance": 0.8186107521758397, "original_loss": 0.3553703945570201, "closed_distance": 0.03507652306295203, "closed_loss": 1.1247799141782426, "loss_difference": 0.7694095196212225, "distances": [1.9085720246648095, 1.9007687259089419, 1.891952332454836, 1.881945738542324, 1.8705330168365526, 1.857449289452869, 1.8423676014807466, 1.824881850764204, 1.804484545633834, 1.7805378346912526, 1.7522359244555195, 1.7185567960096495, 1.6782013423300692, 1.6295192961963214, 1.5704248343746858, 1.498312751021131, 1.4100021037541146, 1.3017624387070037, 1.16951930801427, 1.0093786888801715, 0.8186107521758395, 0.5971126916218082, 0.3491317245740025, 0.0877749622315345, -0.1941725721845886, -0.45474983626175003, -0.6949706026570875, -0.9061071266340757, -1.0854439989129872, -1.234288656218587, -1.3561574698194405, -1.455327043239365, -1.535959329124404, -1.6017002383500965, -1.6555682925194584, -1.6999863287762584, -1.736867712304251, -1.7677124893082823, -1.7936946417974344, -1.8157345773327978], "losses": [2.496534961608249, 2.3972002842934668, 2.2898854876076378, 2.174582993980087, 2.0516800113408666, 1.9221220886738621, 1.7875781900165413, 1.6505600251243708, 1.5144246438929223, 1.383172561910973, 1.2609563437086622, 1.1512527401969372, 1.0557343650973912, 0.9730106608941199, 0.8976306805094657, 0.820161682545237, 0.7299180412956795, 0.6223988159130094, 0.50875398088892, 0.41163964442358647, 0.3553703945570201, 0.3794817598254157, 0.5568204337358325, 0.9686195225215434, 1.593831044123737, 2.2105292369757037, 2.575448071640474, 2.6113367586665976, 2.4027214809711923, 2.0877457221842084, 1.7740648038899653, 1.517970564640166, 1.3377870469444302, 1.232233007220924, 1.192493729433123, 1.2077325612166363, 1.2668487585160182, 1.3589322240740749, 1.473665714648885, 1.6019007002109154]}